season,player,pfr_id,tm,age,pos,g,gs,att,yds,td,x1d,ybc,ybc_att,yac,yac_att,brk_tkl,att_br,loaded
2023,Derrick Henry,HenrDe00,TEN,29.0,RB,17.0,17.0,280.0,1167.0,12.0,63.0,566.0,2.0,601.0,2.1,23.0,12.2,2024-09-04
2023,Christian McCaffrey,McCaCh01,SF,27.0,RB,16.0,16.0,272.0,1459.0,14.0,83.0,853.0,3.1,606.0,2.2,15.0,18.1,2024-09-04
2023,Rachaad White,WhitRa01,TB,24.0,RB,17.0,17.0,272.0,990.0,6.0,46.0,594.0,2.2,396.0,1.5,9.0,30.2,2024-09-04
2023,Travis Etienne,EtieTr00,JAX,24.0,RB,17.0,17.0,267.0,1008.0,11.0,53.0,573.0,2.1,435.0,1.6,31.0,8.6,2024-09-04
2023,Joe Mixon,MixoJo00,CIN,27.0,RB,17.0,17.0,257.0,1034.0,9.0,59.0,671.0,2.6,363.0,1.4,10.0,25.7,2024-09-04
2023,Najee Harris,HarrNa00,PIT,25.0,RB,17.0,17.0,255.0,1035.0,8.0,51.0,417.0,1.6,618.0,2.4,30.0,8.5,2024-09-04
2023,Tony Pollard,PollTo00,DAL,26.0,RB,17.0,17.0,252.0,1005.0,6.0,56.0,495.0,2.0,510.0,2.0,19.0,13.3,2024-09-04
2023,Saquon Barkley,BarkSa00,NYG,26.0,RB,14.0,14.0,247.0,962.0,6.0,51.0,480.0,1.9,482.0,2.0,12.0,20.6,2024-09-04
2023,Chuba Hubbard,HubbCh01,CAR,24.0,RB,17.0,12.0,238.0,902.0,5.0,59.0,476.0,2.0,426.0,1.8,17.0,14.0,2024-09-04
2023,James Cook,CookJa01,BUF,24.0,RB,17.0,13.0,237.0,1122.0,2.0,53.0,640.0,2.7,482.0,2.0,8.0,29.6,2024-09-04
2023,Josh Jacobs,JacoJo01,LV,25.0,RB,13.0,13.0,233.0,805.0,6.0,34.0,451.0,1.9,354.0,1.5,10.0,23.3,2024-09-04
2023,DAndre Swift,SwifDA00,PHI,24.0,RB,16.0,15.0,229.0,1049.0,5.0,50.0,642.0,2.8,407.0,1.8,21.0,10.9,2024-09-04
2023,Kyren Williams,WillKy02,LA,23.0,RB,12.0,11.0,228.0,1144.0,12.0,62.0,685.0,3.0,459.0,2.0,23.0,9.9,2024-09-04
2023,Breece Hall,HallBr03,NYJ,22.0,RB,17.0,16.0,223.0,994.0,5.0,40.0,500.0,2.2,494.0,2.2,19.0,11.7,2024-09-04
2023,David Montgomery,MontDa01,DET,26.0,RB,14.0,14.0,219.0,1015.0,13.0,59.0,511.0,2.3,504.0,2.3,17.0,12.9,2024-09-04
2023,Kenneth Walker,WalkKe00,SEA,23.0,RB,15.0,15.0,219.0,905.0,8.0,46.0,559.0,2.6,346.0,1.6,22.0,10.0,2024-09-04
2023,Javonte Williams,WillJa10,DEN,23.0,RB,16.0,13.0,217.0,774.0,3.0,41.0,402.0,1.9,372.0,1.7,11.0,19.7,2024-09-04
2023,Devin Singletary,SingDe00,HOU,26.0,RB,17.0,10.0,216.0,898.0,4.0,41.0,550.0,2.5,348.0,1.6,10.0,21.6,2024-09-04
2023,Bijan Robinson,RobiBi01,ATL,21.0,RB,17.0,16.0,214.0,976.0,4.0,50.0,568.0,2.7,408.0,1.9,15.0,14.3,2024-09-04
2023,Raheem Mostert,MostRa00,MIA,31.0,RB,15.0,15.0,209.0,1012.0,18.0,59.0,547.0,2.6,465.0,2.2,16.0,13.1,2024-09-04
2023,James Conner,ConnJa00,ARI,28.0,RB,13.0,13.0,208.0,1040.0,7.0,57.0,581.0,2.8,459.0,2.2,27.0,7.7,2024-09-04
2023,Isiah Pacheco,PachIs00,KC,24.0,RB,14.0,13.0,205.0,935.0,7.0,53.0,550.0,2.7,385.0,1.9,15.0,13.7,2024-09-04
2023,Jerome Ford,FordJe00,CLE,24.0,RB,17.0,12.0,204.0,813.0,4.0,33.0,446.0,2.2,367.0,1.8,26.0,7.8,2024-09-04
2023,Gus Edwards,EdwaGu00,BAL,28.0,RB,17.0,9.0,198.0,810.0,13.0,49.0,448.0,2.3,362.0,1.8,12.0,16.5,2024-09-04
2023,Tyler Allgeier,AllgTy00,ATL,23.0,RB,17.0,3.0,186.0,683.0,4.0,39.0,320.0,1.7,363.0,2.0,15.0,12.4,2024-09-04
2023,Ezekiel Elliott,ElliEz00,NE,28.0,RB,17.0,5.0,184.0,642.0,3.0,33.0,350.0,1.9,292.0,1.6,5.0,36.8,2024-09-04
2023,Zack Moss,MossZa00,IND,26.0,RB,14.0,8.0,183.0,794.0,5.0,43.0,449.0,2.5,345.0,1.9,4.0,45.8,2024-09-04
2023,Jahmyr Gibbs,GibbJa01,DET,21.0,RB,15.0,3.0,182.0,945.0,10.0,42.0,487.0,2.7,458.0,2.5,21.0,8.7,2024-09-04
2023,Alvin Kamara,KamaAl00,NO,28.0,RB,13.0,12.0,180.0,694.0,5.0,42.0,411.0,2.3,283.0,1.6,7.0,25.7,2024-09-04
2023,Alexander Mattison,MattAl01,MIN,25.0,RB,16.0,13.0,180.0,700.0,0.0,28.0,388.0,2.2,312.0,1.7,5.0,36.0,2024-09-04
2023,Austin Ekeler,EkelAu00,LAC,28.0,RB,14.0,14.0,179.0,628.0,5.0,34.0,328.0,1.8,300.0,1.7,9.0,19.9,2024-09-04
2023,AJ Dillon,DillAJ00,GB,25.0,RB,15.0,6.0,178.0,613.0,2.0,32.0,311.0,1.7,302.0,1.7,5.0,35.6,2024-09-04
2023,Brian Robinson,RobiBr01,WAS,24.0,RB,15.0,15.0,178.0,733.0,5.0,47.0,387.0,2.2,346.0,1.9,16.0,11.1,2024-09-04
2023,Jonathan Taylor,TaylJo02,IND,24.0,RB,10.0,7.0,169.0,741.0,7.0,42.0,287.0,1.7,454.0,2.7,14.0,12.1,2024-09-04
2023,Jalen Hurts,HurtJa00,PHI,25.0,QB,17.0,17.0,157.0,605.0,15.0,68.0,485.0,3.1,120.0,0.8,3.0,52.3,2024-09-04
2023,Rhamondre Stevenson,StevRh00,NE,25.0,RB,12.0,12.0,156.0,619.0,4.0,36.0,296.0,1.9,323.0,2.1,11.0,14.2,2024-09-04
2023,Jaylen Warren,WarrJa01,PIT,25.0,RB,17.0,0.0,149.0,784.0,4.0,36.0,427.0,2.9,357.0,2.4,27.0,5.5,2024-09-04
2023,Lamar Jackson,JackLa00,BAL,26.0,QB,16.0,16.0,148.0,821.0,5.0,48.0,592.0,4.0,229.0,1.5,14.0,10.6,2024-09-04
2023,Dameon Pierce,PierDa01,HOU,23.0,RB,14.0,7.0,145.0,416.0,2.0,14.0,180.0,1.2,236.0,1.6,12.0,12.1,2024-09-04
2023,Aaron Jones,JoneAa00,GB,29.0,RB,11.0,11.0,142.0,656.0,2.0,34.0,337.0,2.4,319.0,2.2,11.0,12.9,2024-09-04
2023,Kareem Hunt,HuntKa00,CLE,28.0,RB,15.0,2.0,135.0,411.0,9.0,38.0,236.0,1.7,175.0,1.3,2.0,67.5,2024-09-04
2023,Khalil Herbert,HerbKh00,CHI,25.0,RB,12.0,9.0,132.0,611.0,2.0,25.0,329.0,2.5,282.0,2.1,13.0,10.2,2024-09-04
2023,Miles Sanders,SandMi01,CAR,26.0,RB,16.0,5.0,129.0,432.0,1.0,24.0,208.0,1.6,224.0,1.7,8.0,16.1,2024-09-04
2023,Justin Fields,FielJu00,CHI,24.0,QB,13.0,13.0,124.0,657.0,4.0,43.0,447.0,3.6,210.0,1.7,9.0,13.8,2024-09-04
2023,Josh Allen,AlleJo02,BUF,27.0,QB,17.0,17.0,111.0,524.0,15.0,57.0,325.0,2.9,199.0,1.8,9.0,12.3,2024-09-04
2023,DOnta Foreman,ForeDO00,CHI,27.0,RB,9.0,8.0,109.0,425.0,4.0,24.0,260.0,2.4,165.0,1.5,7.0,15.6,2024-09-04
2023,Zach Charbonnet,CharZa00,SEA,22.0,RB,16.0,2.0,108.0,462.0,1.0,32.0,253.0,2.3,209.0,1.9,10.0,10.8,2024-09-04
2023,Joshua Kelley,KellJo01,LAC,26.0,RB,17.0,3.0,107.0,405.0,2.0,21.0,216.0,2.0,189.0,1.8,6.0,17.8,2024-09-04
2023,Jamaal Williams,WillJa06,NO,28.0,RB,13.0,4.0,106.0,306.0,1.0,19.0,162.0,1.5,144.0,1.4,3.0,35.3,2024-09-04
2023,Zamir White,WhitZa01,LV,24.0,RB,17.0,4.0,104.0,451.0,1.0,19.0,206.0,2.0,245.0,2.4,8.0,13.0,2024-09-04
2023,DeVon Achane,AchaDe00,MIA,22.0,RB,11.0,4.0,103.0,800.0,8.0,30.0,484.0,4.7,316.0,3.1,13.0,7.9,2024-09-04
2023,Ty Chandler,ChanTy01,MIN,25.0,RB,17.0,4.0,102.0,461.0,3.0,20.0,279.0,2.7,182.0,1.8,3.0,34.0,2024-09-04
2023,Tyjae Spears,SpeaTy00,TEN,22.0,RB,17.0,1.0,100.0,453.0,2.0,24.0,237.0,2.4,216.0,2.2,5.0,20.0,2024-09-04
2023,Rico Dowdle,DowdRi01,DAL,25.0,RB,16.0,0.0,89.0,361.0,2.0,17.0,188.0,2.1,173.0,1.9,5.0,17.8,2024-09-04
2023,Kenneth Gainwell,GainKe00,PHI,24.0,RB,16.0,2.0,84.0,364.0,2.0,19.0,204.0,2.4,160.0,1.9,6.0,14.0,2024-09-04
2023,Justice Hill,HillJu00,BAL,26.0,RB,16.0,5.0,84.0,387.0,3.0,19.0,267.0,3.2,120.0,1.4,9.0,9.3,2024-09-04
2023,Taysom Hill,HillTa00,NO,33.0,QB,16.0,7.0,81.0,401.0,4.0,26.0,264.0,3.3,137.0,1.7,7.0,11.6,2024-09-04
2023,Roschon Johnson,JohnRo07,CHI,22.0,RB,15.0,0.0,81.0,352.0,2.0,16.0,228.0,2.8,124.0,1.5,3.0,27.0,2024-09-04
2023,Russell Wilson,WilsRu00,DEN,35.0,QB,15.0,15.0,80.0,341.0,3.0,38.0,293.0,3.7,48.0,0.6,1.0,80.0,2024-09-04
2023,Latavius Murray,MurrLa00,BUF,33.0,RB,16.0,4.0,79.0,300.0,4.0,27.0,174.0,2.2,126.0,1.6,3.0,26.3,2024-09-04
2023,Joshua Dobbs,DobbJo00,2TM,28.0,QB,13.0,12.0,77.0,421.0,6.0,31.0,274.0,3.6,147.0,1.9,5.0,15.4,2024-09-04
2023,Royce Freeman,FreeRo00,LA,27.0,RB,14.0,0.0,77.0,319.0,2.0,17.0,180.0,2.3,139.0,1.8,8.0,9.6,2024-09-04
2023,Jaleel McLaughlin,McLaJa00,DEN,23.0,RB,17.0,3.0,76.0,410.0,1.0,16.0,240.0,3.2,170.0,2.2,4.0,19.0,2024-09-04
2023,Patrick Mahomes,MahoPa00,KC,28.0,QB,16.0,16.0,75.0,389.0,0.0,27.0,350.0,4.7,39.0,0.5,2.0,37.5,2024-09-04
2023,Elijah Mitchell,MitcEl00,SF,25.0,RB,11.0,1.0,75.0,281.0,2.0,14.0,138.0,1.8,143.0,1.9,6.0,12.5,2024-09-04
2023,Clyde Edwards-Helaire,EdwaCl00,KC,24.0,RB,15.0,3.0,70.0,223.0,1.0,12.0,145.0,2.1,78.0,1.1,4.0,17.5,2024-09-04
2023,Trevor Lawrence,LawrTr00,JAX,24.0,QB,16.0,16.0,70.0,339.0,4.0,23.0,285.0,4.1,54.0,0.8,5.0,14.0,2024-09-04
2023,Dalvin Cook,CookDa01,2TM,28.0,,15.0,1.0,67.0,214.0,0.0,,,,,,,,2024-09-04
2023,Antonio Gibson,GibsAn00,WAS,25.0,RB,16.0,2.0,65.0,265.0,1.0,13.0,123.0,1.9,142.0,2.2,5.0,13.0,2024-09-04
2023,Pierre Strong,StroPi00,CLE,25.0,RB,17.0,1.0,63.0,291.0,1.0,10.0,133.0,2.1,158.0,2.5,5.0,12.6,2024-09-04
2023,Baker Mayfield,MayfBa00,TB,28.0,QB,17.0,17.0,62.0,163.0,1.0,16.0,96.0,1.5,67.0,1.1,4.0,15.5,2024-09-04
2023,Cam Akers,AkerCa00,2TM,24.0,RB,7.0,1.0,60.0,167.0,2.0,12.0,78.0,1.3,89.0,1.5,6.0,10.0,2024-09-04
2023,Emari Demercado,DemeEm00,ARI,24.0,RB,14.0,2.0,58.0,284.0,2.0,12.0,166.0,2.9,118.0,2.0,2.0,29.0,2024-09-04
2023,Matt Breida,BreiMa00,NYG,28.0,RB,17.0,4.0,55.0,151.0,1.0,7.0,86.0,1.6,65.0,1.2,1.0,55.0,2024-09-04
2023,Dak Prescott,PresDa01,DAL,30.0,QB,17.0,17.0,55.0,242.0,2.0,21.0,171.0,3.1,71.0,1.3,1.0,55.0,2024-09-04
2023,Samaje Perine,PeriSa00,DEN,28.0,RB,17.0,1.0,53.0,238.0,1.0,14.0,109.0,2.1,129.0,2.4,2.0,26.5,2024-09-04
2023,Desmond Ridder,RiddDe00,ATL,24.0,QB,15.0,13.0,53.0,193.0,5.0,18.0,167.0,3.2,26.0,0.5,2.0,26.5,2024-09-04
2023,Justin Herbert,HerbJu00,LAC,25.0,QB,13.0,13.0,52.0,228.0,3.0,16.0,175.0,3.4,53.0,1.0,2.0,26.0,2024-09-04
2023,Chris Rodriguez,RodrCh00,WAS,23.0,RB,13.0,0.0,51.0,247.0,2.0,14.0,123.0,2.4,124.0,2.4,5.0,10.2,2024-09-04
2023,Tank Bigsby,BigsTa00,JAX,22.0,RB,17.0,0.0,50.0,132.0,2.0,12.0,67.0,1.3,65.0,1.3,7.0,7.1,2024-09-04
2023,Jordan Love,LoveJo03,GB,25.0,QB,17.0,17.0,50.0,247.0,4.0,16.0,219.0,4.4,28.0,0.6,2.0,25.0,2024-09-04
2023,Cordarrelle Patterson,PattCo00,ATL,32.0,RB,14.0,0.0,50.0,181.0,0.0,9.0,92.0,1.8,89.0,1.8,2.0,25.0,2024-09-04
2023,Chase Edmonds,EdmoCh00,TB,27.0,RB,13.0,0.0,49.0,176.0,0.0,8.0,102.0,2.1,74.0,1.5,2.0,24.5,2024-09-04
2023,Sam Howell,HoweSa00,WAS,23.0,QB,17.0,17.0,48.0,263.0,5.0,19.0,161.0,3.4,102.0,2.1,8.0,6.0,2024-09-04
2023,Keaton Mitchell,MitcKe01,BAL,21.0,RB,8.0,2.0,47.0,396.0,2.0,19.0,238.0,5.1,158.0,3.4,7.0,6.7,2024-09-04
2023,Darrell Henderson,HendDa00,LA,26.0,RB,4.0,4.0,46.0,112.0,2.0,5.0,45.0,1.0,67.0,1.5,1.0,46.0,2024-09-04
2023,Chase Brown,BrowCh10,CIN,23.0,RB,12.0,0.0,44.0,179.0,0.0,6.0,52.0,1.2,127.0,2.9,2.0,22.0,2024-09-04
2023,Kyler Murray,MurrKy00,ARI,26.0,QB,8.0,8.0,44.0,244.0,3.0,15.0,229.0,5.2,15.0,0.3,0.0,,2024-09-04
2023,Kenny Pickett,PickKe00,PIT,25.0,QB,12.0,12.0,42.0,54.0,1.0,12.0,42.0,1.0,12.0,0.3,0.0,,2024-09-04
2023,DErnest Johnson,JohnDE04,JAX,27.0,RB,17.0,0.0,41.0,108.0,0.0,5.0,76.0,1.9,32.0,0.8,1.0,41.0,2024-09-04
2023,Kendre Miller,MillKe01,NO,21.0,RB,8.0,0.0,41.0,156.0,1.0,10.0,72.0,1.8,84.0,2.0,3.0,13.7,2024-09-04
2023,Craig Reynolds,ReynCr00,DET,27.0,RB,17.0,0.0,41.0,179.0,1.0,11.0,104.0,2.5,75.0,1.8,1.0,41.0,2024-09-04
2023,Jeff Wilson,WilsJe01,MIA,28.0,RB,10.0,0.0,41.0,188.0,0.0,8.0,104.0,2.5,84.0,2.0,1.0,41.0,2024-09-04
2023,Daniel Jones,JoneDa05,NYG,26.0,QB,6.0,6.0,40.0,206.0,1.0,15.0,177.0,4.4,29.0,0.7,0.0,,2024-09-04
2023,Jordan Mason,MasoJo00,SF,24.0,RB,17.0,0.0,40.0,206.0,3.0,13.0,110.0,2.8,96.0,2.4,3.0,13.3,2024-09-04
2023,Brock Purdy,PurdBr00,SF,24.0,QB,16.0,16.0,39.0,144.0,2.0,15.0,108.0,2.8,36.0,0.9,2.0,19.5,2024-09-04
2023,CJ Stroud,StroCJ00,HOU,22.0,QB,15.0,15.0,39.0,167.0,3.0,17.0,147.0,3.8,20.0,0.5,2.0,19.5,2024-09-04
2023,Bryce Young,YounBr01,CAR,22.0,QB,16.0,16.0,39.0,253.0,0.0,18.0,191.0,4.9,62.0,1.6,4.0,9.8,2024-09-04
2023,Tyrod Taylor,TaylTy00,NYG,34.0,QB,11.0,5.0,38.0,197.0,0.0,10.0,153.0,4.0,44.0,1.2,1.0,38.0,2024-09-04
2023,Deebo Samuel,SamuDe00,SF,27.0,WR,15.0,15.0,37.0,225.0,5.0,13.0,140.0,3.8,85.0,2.3,4.0,9.3,2024-09-04
2023,Geno Smith,SmitGe00,SEA,33.0,QB,15.0,15.0,37.0,155.0,1.0,10.0,143.0,3.9,12.0,0.3,0.0,,2024-09-04
2023,Isaiah Spiller,SpilIs00,LAC,22.0,RB,9.0,0.0,37.0,96.0,0.0,1.0,37.0,1.0,59.0,1.6,2.0,18.5,2024-09-04
2023,Tommy DeVito,DeViTo00,NYG,25.0,QB,9.0,6.0,36.0,195.0,1.0,7.0,167.0,4.6,28.0,0.8,1.0,36.0,2024-09-04
2023,Zach Wilson,WilsZa00,NYJ,24.0,QB,12.0,11.0,36.0,211.0,0.0,7.0,179.0,5.0,32.0,0.9,1.0,36.0,2024-09-04
2023,Keaontay Ingram,IngrKe01,ARI,24.0,RB,8.0,1.0,35.0,74.0,0.0,4.0,33.0,0.9,41.0,1.2,3.0,11.7,2024-09-04
2023,Trey Sermon,SermTr00,IND,24.0,RB,14.0,0.0,35.0,160.0,0.0,7.0,61.0,1.7,99.0,2.8,4.0,8.8,2024-09-04
2023,Tua Tagovailoa,TagoTu00,MIA,25.0,QB,17.0,17.0,35.0,74.0,0.0,5.0,71.0,2.0,3.0,0.1,1.0,35.0,2024-09-04
2023,Gardner Minshew,MinsGa00,IND,27.0,QB,17.0,13.0,34.0,100.0,3.0,7.0,93.0,2.7,7.0,0.2,1.0,34.0,2024-09-04
2023,Derek Carr,CarrDe02,NO,32.0,QB,17.0,17.0,32.0,40.0,0.0,4.0,34.0,1.1,6.0,0.2,0.0,,2024-09-04
2023,Darrynton Evans,EvanDa02,2TM,25.0,RB,7.0,0.0,32.0,121.0,1.0,10.0,77.0,2.4,44.0,1.4,0.0,,2024-09-04
2023,Jared Goff,GoffJa00,DET,29.0,QB,17.0,17.0,32.0,21.0,2.0,5.0,13.0,0.4,8.0,0.3,0.0,,2024-09-04
2023,Ronnie Rivers,RiveRo01,LA,24.0,RB,9.0,1.0,32.0,129.0,0.0,4.0,75.0,2.3,54.0,1.7,1.0,32.0,2024-09-04
2023,Patrick Taylor,TaylPa01,GB,25.0,RB,11.0,0.0,32.0,141.0,0.0,7.0,71.0,2.2,70.0,2.2,4.0,8.0,2024-09-04
2023,Joe Burrow,BurrJo01,CIN,27.0,QB,10.0,10.0,31.0,88.0,0.0,9.0,78.0,2.5,10.0,0.3,0.0,,2024-09-04
2023,Michael Carter,CartMi03,2TM,24.0,RB,15.0,0.0,30.0,187.0,0.0,9.0,128.0,4.3,59.0,2.0,1.0,30.0,2024-09-04
2023,Ty Johnson,JohnTy02,BUF,26.0,RB,10.0,0.0,30.0,132.0,0.0,8.0,68.0,2.3,64.0,2.1,1.0,30.0,2024-09-04
2023,Nick Chubb,ChubNi00,CLE,28.0,RB,2.0,2.0,28.0,170.0,0.0,8.0,100.0,3.6,70.0,2.5,2.0,14.0,2024-09-04
2023,Rondale Moore,MoorRo02,ARI,23.0,WR,17.0,8.0,28.0,178.0,1.0,5.0,142.0,5.1,36.0,1.3,2.0,14.0,2024-09-04
2023,Jake Browning,BrowJa08,CIN,27.0,QB,9.0,7.0,27.0,127.0,3.0,12.0,91.0,3.4,36.0,1.3,0.0,,2024-09-04
2023,Easton Stick,SticEa00,LAC,28.0,QB,5.0,4.0,27.0,144.0,1.0,11.0,120.0,4.4,24.0,0.9,2.0,13.5,2024-09-04
2023,Melvin Gordon,GordMe00,BAL,30.0,RB,4.0,0.0,26.0,81.0,1.0,4.0,29.0,1.1,52.0,2.0,1.0,26.0,2024-09-04
2023,Mac Jones,JoneMa05,NE,25.0,QB,11.0,11.0,26.0,96.0,0.0,11.0,85.0,3.3,11.0,0.4,0.0,,2024-09-04
2023,Tony Jones,JoneTo04,2TM,26.0,RB,7.0,1.0,26.0,95.0,2.0,7.0,56.0,2.2,39.0,1.5,1.0,26.0,2024-09-04
2023,Deshaun Watson,WatsDe00,CLE,28.0,QB,6.0,6.0,26.0,142.0,1.0,10.0,90.0,3.5,52.0,2.0,3.0,8.7,2024-09-04
2023,Will Levis,LeviWi00,TEN,24.0,QB,9.0,9.0,25.0,57.0,1.0,7.0,34.0,1.4,23.0,0.9,0.0,,2024-09-04
2023,Anthony Richardson,RichAn03,IND,21.0,QB,4.0,4.0,25.0,136.0,4.0,8.0,112.0,4.5,24.0,1.0,0.0,,2024-09-04
2023,KeShawn Vaughn,VaugKe00,TB,26.0,RB,6.0,0.0,24.0,42.0,0.0,,22.0,0.9,20.0,0.8,4.0,6.0,2024-09-04
2023,Tyson Bagent,BageTy00,CHI,23.0,QB,5.0,4.0,23.0,109.0,2.0,11.0,98.0,4.3,11.0,0.5,0.0,,2024-09-04
2023,Damien Harris,HarrDa06,BUF,26.0,RB,6.0,0.0,23.0,94.0,1.0,9.0,51.0,2.2,43.0,1.9,2.0,11.5,2024-09-04
2023,Deuce Vaughn,VaugDe00,DAL,22.0,RB,7.0,0.0,23.0,40.0,0.0,1.0,20.0,0.9,20.0,0.9,0.0,,2024-09-04
2023,Israel Abanikanda,AbanIs00,NYJ,21.0,RB,6.0,0.0,22.0,70.0,0.0,3.0,46.0,2.1,24.0,1.1,1.0,22.0,2024-09-04
2023,Salvon Ahmed,AhmeSa01,MIA,25.0,RB,8.0,0.0,22.0,61.0,1.0,3.0,18.0,0.8,43.0,2.0,2.0,11.0,2024-09-04
2023,LaMical Perine,PeriLa00,KC,25.0,RB,3.0,1.0,22.0,77.0,0.0,3.0,34.0,1.5,43.0,2.0,1.0,22.0,2024-09-04
2023,Sam Darnold,DarnSa00,SF,26.0,QB,10.0,1.0,21.0,15.0,1.0,3.0,9.0,0.4,6.0,0.3,0.0,,2024-09-04
2023,Jerick McKinnon,McKiJe00,KC,31.0,RB,12.0,0.0,21.0,60.0,1.0,7.0,46.0,2.2,14.0,0.7,0.0,,2024-09-04
2023,Matthew Stafford,StafMa00,LA,35.0,QB,15.0,15.0,21.0,65.0,0.0,4.0,61.0,2.9,4.0,0.2,0.0,,2024-09-04
2023,Jimmy Garoppolo,GaroJi00,LV,32.0,QB,7.0,6.0,20.0,39.0,0.0,6.0,26.0,1.3,13.0,0.7,1.0,20.0,2024-09-04
2023,Boston Scott,ScotBo02,PHI,28.0,RB,15.0,0.0,20.0,86.0,0.0,5.0,53.0,2.7,33.0,1.7,3.0,6.7,2024-09-04
2023,Chris Brooks,BrooCh00,MIA,23.0,RB,9.0,0.0,19.0,106.0,0.0,2.0,26.0,1.4,80.0,4.2,2.0,9.5,2024-09-04
2023,Eric Gray,GrayEr01,NYG,24.0,RB,13.0,0.0,17.0,48.0,0.0,2.0,26.0,1.5,22.0,1.3,1.0,17.0,2024-09-04
2023,Aidan OConnell,OConAi00,LV,25.0,QB,11.0,10.0,17.0,11.0,1.0,7.0,6.0,0.4,5.0,0.3,0.0,,2024-09-04
2023,Ryan Tannehill,TannRy00,TEN,35.0,QB,10.0,8.0,17.0,74.0,1.0,4.0,59.0,3.5,15.0,0.9,0.0,,2024-09-04
2023,Carson Wentz,WentCa00,LA,31.0,QB,2.0,1.0,17.0,56.0,1.0,4.0,36.0,2.1,20.0,1.2,0.0,,2024-09-04
2023,Bailey Zappe,ZappBa00,NE,24.0,QB,10.0,6.0,17.0,83.0,1.0,6.0,60.0,3.5,23.0,1.4,0.0,,2024-09-04
2023,Kevin Harris,HarrKe01,NE,23.0,RB,4.0,0.0,16.0,65.0,1.0,2.0,11.0,0.7,54.0,3.4,1.0,16.0,2024-09-04
2023,Mitchell Trubisky,TrubMi00,PIT,29.0,QB,5.0,2.0,16.0,54.0,2.0,6.0,43.0,2.7,11.0,0.7,1.0,16.0,2024-09-04
2023,Ameer Abdullah,AbduAm00,LV,30.0,RB,17.0,0.0,15.0,89.0,0.0,6.0,49.0,3.3,40.0,2.7,1.0,15.0,2024-09-04
2023,Taylor Heinicke,HeinTa00,ATL,30.0,QB,5.0,4.0,15.0,124.0,1.0,5.0,118.0,7.9,6.0,0.4,0.0,,2024-09-04
2023,Tyler Huntley,HuntTy01,BAL,25.0,QB,5.0,1.0,15.0,55.0,0.0,3.0,46.0,3.1,9.0,0.6,1.0,15.0,2024-09-04
2023,Sean Tucker,TuckSe00,TB,22.0,RB,11.0,0.0,15.0,23.0,0.0,1.0,11.0,0.7,12.0,0.8,1.0,15.0,2024-09-04
2023,Trayveon Williams,WillTr06,CIN,26.0,RB,17.0,0.0,15.0,69.0,0.0,2.0,47.0,3.1,22.0,1.5,0.0,,2024-09-04
2023,Raheem Blackshear,BlacRa00,CAR,24.0,RB,12.0,0.0,14.0,46.0,0.0,1.0,29.0,2.1,17.0,1.2,1.0,14.0,2024-09-04
2023,Kirk Cousins,CousKi00,MIN,35.0,QB,8.0,8.0,14.0,25.0,0.0,6.0,22.0,1.6,3.0,0.2,0.0,,2024-09-04
2023,Derius Davis,DaviDe02,LAC,23.0,WR,17.0,2.0,14.0,101.0,0.0,5.0,78.0,5.6,23.0,1.6,1.0,14.0,2024-09-04
2023,Deon Jackson,JackDe02,3TM,24.0,RB,4.0,1.0,14.0,16.0,0.0,1.0,3.0,0.2,13.0,0.9,0.0,,2024-09-04
2023,CeeDee Lamb,LambCe00,DAL,24.0,WR,17.0,17.0,14.0,113.0,2.0,6.0,73.0,5.2,40.0,2.9,6.0,2.3,2024-09-04
2023,Dorian Thompson-Robinson,ThomDo02,CLE,24.0,QB,8.0,3.0,14.0,65.0,0.0,4.0,50.0,3.6,15.0,1.1,2.0,7.0,2024-09-04
2023,Emanuel Wilson,WilsEm00,GB,24.0,RB,7.0,0.0,14.0,85.0,0.0,2.0,67.0,4.8,18.0,1.3,0.0,,2024-09-04
2023,Kyle Allen,AlleKy00,BUF,27.0,QB,7.0,0.0,13.0,-13.0,0.0,,-13.0,-1.0,0.0,0.0,0.0,,2024-09-04
2023,Tyler Goodson,GoodTy00,IND,23.0,RB,6.0,1.0,13.0,87.0,0.0,4.0,58.0,4.5,29.0,2.2,0.0,,2024-09-04
2023,PJ Walker,WalkPh00,CLE,28.0,QB,6.0,2.0,13.0,30.0,0.0,3.0,14.0,1.1,16.0,1.2,1.0,13.0,2024-09-04
2023,Leonard Fournette,FourLe00,BUF,28.0,RB,2.0,0.0,12.0,40.0,0.0,2.0,20.0,1.7,20.0,1.7,0.0,,2024-09-04
2023,Puka Nacua,NacuPu00,LA,22.0,WR,17.0,17.0,12.0,89.0,0.0,5.0,62.0,5.2,27.0,2.3,2.0,6.0,2024-09-04
2023,Cooper Rush,RushCo00,DAL,30.0,QB,7.0,0.0,12.0,-5.0,0.0,1.0,-8.0,-0.7,3.0,0.3,0.0,,2024-09-04
2023,Laviska Shenault,ShenLa00,CAR,25.0,WR,8.0,0.0,12.0,55.0,0.0,3.0,26.0,2.2,29.0,2.4,1.0,12.0,2024-09-04
2023,Calvin Austin,AustCa00,PIT,24.0,WR,17.0,1.0,11.0,57.0,1.0,4.0,49.0,4.5,8.0,0.7,0.0,,2024-09-04
2023,Tank Dell,DellNa00,HOU,24.0,WR,11.0,8.0,11.0,51.0,0.0,3.0,28.0,2.5,23.0,2.1,2.0,5.5,2024-09-04
2023,Rashaad Penny,PennRa00,PHI,27.0,RB,3.0,0.0,11.0,33.0,0.0,1.0,16.0,1.5,17.0,1.5,0.0,,2024-09-04
2023,Jayden Reed,ReedJa03,GB,23.0,WR,16.0,13.0,11.0,119.0,2.0,6.0,110.0,10.0,9.0,0.8,1.0,11.0,2024-09-04
2023,Trevor Siemian,SiemTr00,NYJ,32.0,QB,5.0,3.0,11.0,40.0,0.0,5.0,34.0,3.1,6.0,0.5,0.0,,2024-09-04
2023,Kadarius Toney,ToneKa00,KC,24.0,WR,13.0,2.0,11.0,31.0,0.0,2.0,7.0,0.6,24.0,2.2,1.0,11.0,2024-09-04
2023,KaVontae Turpin,TurpKa00,DAL,27.0,WR,16.0,0.0,11.0,110.0,1.0,5.0,83.0,7.5,27.0,2.5,1.0,11.0,2024-09-04
2023,Damien Williams,WillDa05,ARI,31.0,RB,3.0,0.0,11.0,43.0,0.0,1.0,15.0,1.4,28.0,2.5,1.0,11.0,2024-09-04
2023,DeeJay Dallas,DallDe00,SEA,25.0,RB,17.0,0.0,10.0,36.0,0.0,2.0,29.0,2.9,7.0,0.7,1.0,10.0,2024-09-04
2023,Nick Mullens,MullNi00,MIN,28.0,QB,5.0,3.0,10.0,25.0,0.0,4.0,24.0,2.4,1.0,0.1,0.0,,2024-09-04
2023,Mason Rudolph,RudoMa00,PIT,28.0,QB,4.0,3.0,10.0,8.0,0.0,4.0,5.0,0.5,3.0,0.3,0.0,,2024-09-04
2023,Tre Tucker,TuckTr00,LV,22.0,WR,16.0,1.0,10.0,77.0,0.0,4.0,60.0,6.0,17.0,1.7,2.0,5.0,2024-09-04
2023,Gary Brightwell,BrigGa00,NYG,24.0,RB,7.0,0.0,9.0,19.0,0.0,0.0,4.0,0.4,15.0,1.7,1.0,9.0,2024-09-04
2023,Zach Evans,EvanZa00,LA,22.0,RB,10.0,0.0,9.0,19.0,0.0,,5.0,0.6,14.0,1.6,1.0,9.0,2024-09-04
2023,Joe Flacco,FlacJo00,CLE,38.0,QB,5.0,5.0,9.0,2.0,0.0,3.0,1.0,0.1,1.0,0.1,0.0,,2024-09-04
2023,Marvin Mims,MimsMa00,DEN,21.0,WR,16.0,7.0,9.0,30.0,0.0,2.0,10.0,1.1,20.0,2.2,1.0,9.0,2024-09-04
2023,Elijah Moore,MoorEl00,CLE,23.0,WR,17.0,12.0,9.0,11.0,0.0,2.0,-1.0,-0.1,12.0,1.3,0.0,,2024-09-04
2023,Calvin Ridley,RidlCa00,JAX,29.0,WR,17.0,17.0,9.0,23.0,0.0,3.0,23.0,2.6,0.0,0.0,0.0,,2024-09-04
2023,WanDale Robinson,RobiWa01,NYG,22.0,WR,15.0,8.0,9.0,87.0,1.0,4.0,75.0,8.3,12.0,1.3,1.0,9.0,2024-09-04
2023,Jarrett Stidham,StidJa00,DEN,27.0,QB,3.0,2.0,9.0,8.0,0.0,1.0,7.0,0.8,1.0,0.1,0.0,,2024-09-04
2023,CJ Beathard,BeatC.00,JAX,30.0,QB,7.0,1.0,8.0,35.0,0.0,2.0,8.0,1.0,27.0,3.4,1.0,8.0,2024-09-04
2023,Khari Blasingame,BlasKh00,CHI,27.0,FB,16.0,2.0,8.0,26.0,0.0,,11.0,1.4,15.0,1.9,0.0,,2024-09-04
2023,JK Dobbins,DobbJK00,BAL,25.0,RB,1.0,1.0,8.0,22.0,1.0,1.0,18.0,2.3,4.0,0.5,0.0,,2024-09-04
2023,Demario Douglas,DougDe00,NE,23.0,WR,14.0,7.0,8.0,41.0,0.0,2.0,21.0,2.6,20.0,2.5,0.0,,2024-09-04
2023,Zay Flowers,FlowZa00,BAL,23.0,WR,16.0,16.0,8.0,56.0,1.0,1.0,18.0,2.3,38.0,4.8,2.0,4.0,2024-09-04
2023,Xavier Gipson,GipsXa00,NYJ,22.0,WR,17.0,3.0,8.0,68.0,1.0,4.0,46.0,5.8,22.0,2.8,1.0,8.0,2024-09-04
2023,Velus Jones,JoneVe00,CHI,26.0,WR,14.0,0.0,8.0,51.0,0.0,4.0,35.0,4.4,16.0,2.0,0.0,,2024-09-04
2023,Marcus Mariota,MariMa01,PHI,30.0,QB,3.0,0.0,8.0,52.0,0.0,6.0,46.0,5.8,6.0,0.8,0.0,,2024-09-04
2023,Dare Ogunbowale,OgunDa00,HOU,29.0,RB,12.0,0.0,8.0,35.0,0.0,2.0,20.0,2.5,15.0,1.9,1.0,8.0,2024-09-04
2023,Ihmir Smith-Marsette,SmitIh00,CAR,24.0,WR,17.0,0.0,8.0,74.0,1.0,4.0,37.0,4.6,37.0,4.6,3.0,2.7,2024-09-04
2023,Deven Thompkins,ThomDe07,TB,24.0,WR,17.0,1.0,8.0,56.0,0.0,4.0,36.0,4.5,20.0,2.5,0.0,,2024-09-04
2023,Clayton Tune,TuneCl00,ARI,24.0,QB,7.0,1.0,8.0,30.0,1.0,3.0,29.0,3.6,1.0,0.1,0.0,,2024-09-04
2023,Mike White,WhitMi01,MIA,28.0,QB,6.0,0.0,8.0,-9.0,0.0,0.0,-9.0,-1.1,0.0,0.0,0.0,,2024-09-04
2023,Michael Burton,BurtMi00,DEN,31.0,FB,17.0,3.0,7.0,9.0,0.0,4.0,1.0,0.1,8.0,1.1,0.0,,2024-09-04
2023,Jeff Driskel,DrisJe00,CLE,30.0,QB,1.0,1.0,7.0,33.0,0.0,4.0,24.0,3.4,9.0,1.3,0.0,,2024-09-04
2023,Blaine Gabbert,GabbBl00,KC,34.0,QB,2.0,1.0,7.0,45.0,0.0,2.0,22.0,3.1,23.0,3.3,0.0,,2024-09-04
2023,Kalif Raymond,RaymKa00,DET,29.0,WR,17.0,3.0,7.0,75.0,0.0,2.0,65.0,9.3,10.0,1.4,0.0,,2024-09-04
2023,Curtis Samuel,SamuCu00,WAS,27.0,WR,16.0,13.0,7.0,39.0,1.0,4.0,18.0,2.6,21.0,3.0,0.0,,2024-09-04
2023,Tyler Scott,ScotTy00,CHI,22.0,WR,17.0,4.0,7.0,41.0,0.0,2.0,30.0,4.3,11.0,1.6,0.0,,2024-09-04
2023,Rashid Shaheed,ShahRa00,NO,25.0,WR,15.0,8.0,7.0,37.0,0.0,1.0,30.0,4.3,7.0,1.0,1.0,7.0,2024-09-04
2023,Tyrion Davis-Price,DaviTy03,SF,23.0,RB,1.0,0.0,6.0,21.0,0.0,1.0,7.0,1.2,14.0,2.3,0.0,,2024-09-04
2023,Jaren Hall,HallJa00,MIN,25.0,QB,3.0,2.0,6.0,14.0,0.0,0.0,13.0,2.2,1.0,0.2,0.0,,2024-09-04
2023,Tyreek Hill,HillTy00,MIA,29.0,WR,16.0,16.0,6.0,15.0,0.0,2.0,-2.0,-0.3,17.0,2.8,1.0,6.0,2024-09-04
2023,Hunter Luepke,LuepHu00,DAL,23.0,RB,17.0,0.0,6.0,19.0,1.0,5.0,6.0,1.0,13.0,2.2,0.0,,2024-09-04
2023,Tutu Atwell,AtweTu00,LA,24.0,WR,16.0,14.0,5.0,31.0,0.0,2.0,25.0,5.0,6.0,1.2,0.0,,2024-09-04
2023,Andrew Beck,BeckAn01,HOU,27.0,FB,15.0,12.0,5.0,3.0,1.0,2.0,2.0,0.4,1.0,0.2,0.0,,2024-09-04
2023,Mike Boone,BoonMi00,HOU,28.0,S,9.0,0.0,5.0,23.0,0.0,2.0,16.0,3.2,7.0,1.4,0.0,,2024-09-04
2023,Lynn Bowden,BowdLy00,NO,26.0,WR,15.0,3.0,5.0,32.0,0.0,3.0,27.0,5.4,5.0,1.0,0.0,,2024-09-04
2023,Harrison Bryant,BryaHa00,CLE,25.0,TE,17.0,9.0,5.0,8.0,0.0,4.0,4.0,0.8,4.0,0.8,0.0,,2024-09-04
2023,Treylon Burks,BurkTr00,TEN,23.0,WR,11.0,9.0,5.0,18.0,0.0,0.0,7.0,1.4,11.0,2.2,0.0,,2024-09-04
2023,Brandin Cooks,CookBr00,DAL,30.0,WR,16.0,15.0,5.0,35.0,0.0,1.0,29.0,5.8,6.0,1.2,0.0,,2024-09-04
2023,Erik Ezukanma,EzukEr00,MIA,23.0,WR,2.0,0.0,5.0,22.0,0.0,1.0,6.0,1.2,16.0,3.2,1.0,5.0,2024-09-04
2023,Xavier Hutchinson,HutcXa00,HOU,23.0,WR,16.0,0.0,5.0,49.0,0.0,3.0,40.0,8.0,9.0,1.8,1.0,5.0,2024-09-04
2023,Kyle Juszczyk,JuszKy00,SF,32.0,FB,17.0,16.0,5.0,6.0,0.0,2.0,4.0,0.8,2.0,0.4,0.0,,2024-09-04
2023,Drew Lock,LockDr00,SEA,27.0,QB,4.0,2.0,5.0,14.0,0.0,1.0,14.0,2.8,0.0,0.0,0.0,,2024-09-04
2023,Kene Nwangwu,NwanKe00,MIN,25.0,RB,9.0,0.0,5.0,13.0,0.0,,8.0,1.6,5.0,1.0,0.0,,2024-09-04
2023,Brandon Powell,PoweBr00,MIN,28.0,WR,17.0,2.0,5.0,17.0,0.0,1.0,13.0,2.6,4.0,0.8,0.0,,2024-09-04
2023,Malik Willis,WillMa12,TEN,24.0,QB,3.0,0.0,5.0,21.0,0.0,1.0,18.0,3.6,3.0,0.6,0.0,,2024-09-04
2023,Jameis Winston,WinsJa00,NO,29.0,QB,7.0,0.0,5.0,-6.0,0.0,0.0,-6.0,-1.2,0.0,0.0,0.0,,2024-09-04
2023,Jamal Agnew,AgneJa00,JAX,28.0,WR,11.0,1.0,4.0,-2.0,0.0,0.0,-2.0,-0.5,0.0,0.0,0.0,,2024-09-04
2023,Brandon Bolden,BoldBr00,LV,33.0,RB,17.0,0.0,4.0,31.0,1.0,2.0,28.0,7.0,3.0,0.8,0.0,,2024-09-04
2023,Tim Boyle,BoylTi00,NYJ,29.0,QB,3.0,2.0,4.0,5.0,0.0,3.0,2.0,0.5,3.0,0.8,0.0,,2024-09-04
2023,Elijah Dotson,DotsEl00,LAC,24.0,RB,4.0,0.0,4.0,6.0,0.0,,3.0,0.8,3.0,0.8,0.0,,2024-09-04
2023,Devin Duvernay,DuveDe00,BAL,26.0,WR,13.0,1.0,4.0,15.0,0.0,,12.0,3.0,3.0,0.8,0.0,,2024-09-04
2023,Chris Godwin,GodwCh00,TB,27.0,WR,17.0,17.0,4.0,38.0,1.0,3.0,20.0,5.0,18.0,4.5,1.0,4.0,2024-09-04
2023,Marquise Goodwin,GoodMa00,CLE,33.0,WR,12.0,0.0,4.0,33.0,0.0,2.0,29.0,7.3,4.0,1.0,0.0,,2024-09-04
2023,Deonte Harty,HarrDe07,BUF,26.0,WR,16.0,1.0,4.0,0.0,0.0,0.0,-1.0,-0.3,1.0,0.3,1.0,4.0,2024-09-04
2023,Jakobi Meyers,MeyeJa01,LV,27.0,WR,16.0,16.0,4.0,24.0,2.0,3.0,21.0,5.3,3.0,0.8,1.0,4.0,2024-09-04
2023,DJ Moore,MoorD.00,CHI,26.0,WR,17.0,17.0,4.0,21.0,1.0,1.0,21.0,5.3,0.0,0.0,0.0,,2024-09-04
2023,Amon-Ra St Brown,StxxAm00,DET,24.0,WR,16.0,16.0,4.0,24.0,0.0,2.0,15.0,3.8,9.0,2.3,0.0,,2024-09-04
2023,Christian Watson,WatsCh00,GB,24.0,WR,9.0,9.0,4.0,11.0,0.0,1.0,-3.0,-0.8,14.0,3.5,1.0,4.0,2024-09-04
2023,Garrett Wilson,WilsGa00,NYJ,23.0,WR,17.0,17.0,4.0,0.0,0.0,1.0,-4.0,-1.0,4.0,1.0,0.0,,2024-09-04
2023,Matt Barkley,BarkMa00,JAX,33.0,QB,1.0,0.0,3.0,-3.0,0.0,,-3.0,-1.0,0.0,0.0,0.0,,2024-09-04
2023,Jacoby Brissett,BrisJa00,WAS,31.0,QB,3.0,0.0,3.0,19.0,0.0,0.0,10.0,3.3,9.0,3.0,0.0,,2024-09-04
2023,DeAndre Carter,CartDe02,LV,30.0,WR,17.0,1.0,3.0,18.0,0.0,2.0,17.0,5.7,1.0,0.3,0.0,,2024-09-04
2023,JaMarr Chase,ChasJa00,CIN,23.0,WR,16.0,16.0,3.0,-6.0,0.0,0.0,-8.0,-2.7,2.0,0.7,0.0,,2024-09-04
2023,Sean Clifford,ClifSe00,GB,25.0,QB,2.0,0.0,3.0,-2.0,0.0,0.0,-2.0,-0.7,0.0,0.0,0.0,,2024-09-04
2023,Andy Dalton,DaltAn00,CAR,36.0,QB,3.0,1.0,3.0,12.0,0.0,2.0,11.0,3.7,1.0,0.3,0.0,,2024-09-04
2023,Gerald Everett,EverGe00,LAC,29.0,TE,15.0,12.0,3.0,10.0,0.0,0.0,6.0,2.0,4.0,1.3,0.0,,2024-09-04
2023,Derrick Gore,GoreDe00,WAS,29.0,RB,6.0,0.0,3.0,26.0,0.0,1.0,22.0,7.3,4.0,1.3,0.0,,2024-09-04
2023,Brian Hoyer,HoyeBr00,LV,38.0,QB,3.0,1.0,3.0,-3.0,0.0,0.0,-3.0,-1.0,0.0,0.0,0.0,,2024-09-04
2023,Quentin Johnston,JohnQu02,LAC,22.0,WR,17.0,10.0,3.0,9.0,0.0,0.0,6.0,2.0,3.0,1.0,0.0,,2024-09-04
2023,Cole Kmet,KmetCo00,CHI,24.0,TE,17.0,17.0,3.0,2.0,0.0,2.0,2.0,0.7,0.0,0.0,0.0,,2024-09-04
2023,Zonovan Knight,KnigZo00,DET,22.0,RB,2.0,0.0,3.0,13.0,0.0,,7.0,2.3,6.0,2.0,0.0,,2024-09-04
2023,Ray-Ray McCloud,McClRa00,SF,27.0,WR,12.0,1.0,3.0,30.0,0.0,2.0,23.0,7.7,7.0,2.3,0.0,,2024-09-04
2023,Isaiah McKenzie,McKeIs00,IND,28.0,WR,13.0,2.0,3.0,14.0,0.0,0.0,7.0,2.3,7.0,2.3,0.0,,2024-09-04
2023,Bo Melton,MeltBo00,GB,24.0,WR,5.0,1.0,3.0,21.0,0.0,2.0,1.0,0.3,20.0,6.7,3.0,1.0,2024-09-04
2023,Ty Montgomery,MontTy01,NE,30.0,RB,13.0,0.0,3.0,9.0,0.0,0.0,9.0,3.0,0.0,0.0,0.0,,2024-09-04
2023,Skyy Moore,MoorSk01,KC,23.0,WR,14.0,8.0,3.0,23.0,0.0,1.0,18.0,6.0,5.0,1.7,0.0,,2024-09-04
2023,Devine Ozigbo,OzigDe01,DET,27.0,RB,3.0,0.0,3.0,5.0,0.0,1.0,2.0,0.7,3.0,1.0,1.0,3.0,2024-09-04
2023,Trey Palmer,PalmTr00,TB,22.0,WR,17.0,8.0,3.0,22.0,0.0,1.0,20.0,6.7,2.0,0.7,0.0,,2024-09-04
2023,George Pickens,PickGe00,PIT,22.0,WR,17.0,16.0,3.0,18.0,0.0,2.0,13.0,4.3,5.0,1.7,1.0,3.0,2024-09-04
2023,Brett Rypien,RypiBr00,LA,27.0,QB,2.0,1.0,3.0,19.0,0.0,1.0,19.0,6.3,0.0,0.0,0.0,,2024-09-04
2023,Tyquan Thornton,ThorTy00,NE,23.0,WR,9.0,3.0,3.0,51.0,0.0,1.0,12.0,4.0,39.0,13.0,2.0,1.5,2024-09-04
2023,Jaylen Waddle,WaddJa00,MIA,25.0,WR,14.0,14.0,3.0,12.0,0.0,1.0,12.0,4.0,0.0,0.0,0.0,,2024-09-04
2023,Jonathan Ward,WardJo00,TEN,26.0,RB,7.0,0.0,3.0,11.0,0.0,1.0,5.0,1.7,6.0,2.0,0.0,,2024-09-04
2023,Jameson Williams,WillJa11,DET,22.0,WR,12.0,10.0,3.0,29.0,1.0,1.0,25.0,8.3,4.0,1.3,0.0,,2024-09-04
2023,Keenan Allen,AlleKe00,LAC,31.0,WR,13.0,13.0,2.0,6.0,0.0,1.0,6.0,3.0,0.0,0.0,0.0,,2024-09-04
2023,Nick Bawden,BawdNi00,NYJ,27.0,FB,16.0,2.0,2.0,4.0,1.0,1.0,1.0,0.5,3.0,1.5,0.0,,2024-09-04
2023,Tyler Boyd,BoydTy00,CIN,29.0,WR,17.0,13.0,2.0,11.0,0.0,1.0,11.0,5.5,0.0,0.0,0.0,,2024-09-04
2023,Teddy Bridgewater,BridTe00,DET,31.0,QB,1.0,0.0,2.0,-2.0,0.0,,-2.0,-1.0,0.0,0.0,0.0,,2024-09-04
2023,Marquise Brown,BrowMa04,ARI,26.0,WR,14.0,14.0,2.0,23.0,0.0,1.0,20.0,10.0,3.0,1.5,0.0,,2024-09-04
2023,Ashtyn Davis,DaviAs00,NYJ,27.0,S,17.0,5.0,2.0,3.0,0.0,1.0,-1.0,-0.5,4.0,2.0,0.0,,2024-09-04
2023,Kenyan Drake,DrakKe00,2TM,29.0,RB,3.0,0.0,2.0,0.0,0.0,,0.0,0.0,0.0,0.0,0.0,,2024-09-04
2023,DWayne Eskridge,EskrDW00,SEA,26.0,WR,4.0,0.0,2.0,5.0,0.0,1.0,5.0,2.5,0.0,0.0,0.0,,2024-09-04
2023,Chris Evans,EvanCh02,CIN,26.0,RB,8.0,0.0,2.0,12.0,0.0,,7.0,3.5,5.0,2.5,0.0,,2024-09-04
2023,Jake Funk,FunkJa00,IND,25.0,RB,4.0,0.0,2.0,10.0,0.0,0.0,10.0,5.0,0.0,0.0,0.0,,2024-09-04
2023,DeAndre Hopkins,HopkDe00,TEN,31.0,WR,17.0,16.0,2.0,9.0,0.0,0.0,4.0,2.0,5.0,2.5,0.0,,2024-09-04
2023,Alec Ingold,IngoAl01,MIA,27.0,FB,17.0,13.0,2.0,0.0,0.0,0.0,0.0,0.0,0.0,0.0,0.0,,2024-09-04
2023,Charlie Jones,JoneCh11,CIN,25.0,WR,11.0,0.0,2.0,13.0,0.0,1.0,9.0,4.5,4.0,2.0,0.0,,2024-09-04
2023,Case Keenum,KeenCa00,HOU,35.0,QB,2.0,2.0,2.0,1.0,0.0,0.0,0.0,0.0,1.0,0.5,0.0,,2024-09-04
2023,Davis Mills,MillDa02,HOU,25.0,QB,6.0,0.0,2.0,9.0,0.0,0.0,9.0,4.5,0.0,0.0,0.0,,2024-09-04
2023,Darnell Mooney,MoonDa00,CHI,26.0,WR,15.0,14.0,2.0,5.0,0.0,0.0,3.0,1.5,2.0,1.0,0.0,,2024-09-04
2023,Chris Moore,MoorCh00,TEN,30.0,WR,17.0,5.0,2.0,39.0,0.0,1.0,36.0,18.0,3.0,1.5,0.0,,2024-09-04
2023,Chigoziem Okonkwo,OkonCh00,TEN,24.0,TE,17.0,11.0,2.0,6.0,0.0,1.0,4.0,2.0,2.0,1.0,0.0,,2024-09-04
2023,Nathan Peterman,PeteNa00,CHI,29.0,QB,2.0,0.0,2.0,-4.0,0.0,,-4.0,-2.0,0.0,0.0,0.0,,2024-09-04
2023,Adam Prentice,PrenAd00,NO,26.0,FB,13.0,1.0,2.0,12.0,0.0,1.0,10.0,5.0,2.0,1.0,0.0,,2024-09-04
2023,Jalen Reeves-Maybin,ReevJa00,DET,28.0,LB,17.0,0.0,2.0,3.0,0.0,1.0,3.0,1.5,0.0,0.0,0.0,,2024-09-04
2023,Ben Skowronek,SkowBe00,LA,26.0,WR,17.0,0.0,2.0,9.0,0.0,1.0,3.0,1.5,6.0,3.0,0.0,,2024-09-04
2023,Jordan Addison,AddiJo00,MIN,21.0,WR,17.0,14.0,1.0,2.0,0.0,0.0,1.0,1.0,1.0,1.0,0.0,,2024-09-04
2023,Mark Andrews,AndrMa00,BAL,28.0,TE,10.0,9.0,1.0,0.0,0.0,0.0,0.0,0.0,0.0,0.0,0.0,,2024-09-04
2023,Rashod Bateman,BateRa00,BAL,24.0,WR,16.0,12.0,1.0,18.0,0.0,1.0,17.0,17.0,1.0,1.0,0.0,,2024-09-04
2023,Braxton Berrios,BerrBr00,MIA,28.0,WR,16.0,1.0,1.0,11.0,0.0,1.0,1.0,1.0,10.0,10.0,1.0,1.0,2024-09-04
2023,Jake Bobo,BoboJa00,SEA,25.0,WR,17.0,0.0,1.0,3.0,1.0,1.0,1.0,1.0,2.0,2.0,0.0,,2024-09-04
2023,Kendrick Bourne,BourKe00,NE,28.0,WR,8.0,5.0,1.0,4.0,0.0,1.0,3.0,3.0,1.0,1.0,0.0,,2024-09-04
2023,Dyami Brown,BrowDy00,WAS,24.0,WR,17.0,1.0,1.0,0.0,0.0,0.0,0.0,0.0,0.0,0.0,0.0,,2024-09-04
2023,Noah Brown,BrowNo00,HOU,27.0,WR,10.0,7.0,1.0,-1.0,0.0,0.0,-1.0,-1.0,0.0,0.0,1.0,1.0,2024-09-04
2023,Jason Cabinda,CabiJa00,DET,27.0,FB,4.0,0.0,1.0,0.0,0.0,,0.0,0.0,0.0,0.0,0.0,,2024-09-04
2023,Nico Collins,CollNi00,HOU,24.0,WR,15.0,10.0,1.0,7.0,0.0,0.0,4.0,4.0,3.0,3.0,0.0,,2024-09-04
2023,Tyler Conklin,ConkTy00,NYJ,28.0,TE,17.0,12.0,1.0,0.0,0.0,0.0,0.0,0.0,0.0,0.0,0.0,,2024-09-04
2023,Jashaun Corbin,CorbJa01,NYG,23.0,RB,6.0,0.0,1.0,1.0,0.0,1.0,1.0,1.0,0.0,0.0,0.0,,2024-09-04
2023,Gabriel Davis,DaviGa01,BUF,24.0,WR,17.0,17.0,1.0,-2.0,0.0,0.0,-2.0,-2.0,0.0,0.0,0.0,,2024-09-04
2023,Stefon Diggs,DiggSt00,BUF,30.0,WR,17.0,17.0,1.0,5.0,0.0,1.0,3.0,3.0,2.0,2.0,0.0,,2024-09-04
2023,Greg Dortch,DortGr01,ARI,25.0,WR,16.0,4.0,1.0,5.0,0.0,0.0,4.0,4.0,1.0,1.0,0.0,,2024-09-04
2023,Blake Gillikin,GillBl00,ARI,25.0,P,13.0,0.0,1.0,10.0,0.0,1.0,10.0,10.0,0.0,0.0,0.0,,2024-09-04
2023,Dallas Goedert,GoedDa00,PHI,28.0,TE,14.0,14.0,1.0,1.0,0.0,0.0,0.0,0.0,1.0,1.0,0.0,,2024-09-04
2023,Kylen Granson,GranKy00,IND,25.0,TE,15.0,7.0,1.0,2.0,0.0,1.0,0.0,0.0,2.0,2.0,0.0,,2024-09-04
2023,Noah Gray,GrayNo00,KC,24.0,TE,17.0,10.0,1.0,1.0,0.0,0.0,1.0,1.0,0.0,0.0,0.0,,2024-09-04
2023,CJ Ham,HamxC.00,MIN,30.0,FB,17.0,5.0,1.0,7.0,0.0,0.0,5.0,5.0,2.0,2.0,0.0,,2024-09-04
2023,Mecole Hardman,HardMe00,2TM,25.0,WR,11.0,2.0,1.0,3.0,0.0,0.0,3.0,3.0,0.0,0.0,0.0,,2024-09-04
2023,Johnny Hekker,HekkJo00,CAR,33.0,P,17.0,0.0,1.0,-11.0,0.0,,-11.0,-11.0,0.0,0.0,0.0,,2024-09-04
2023,Peyton Hendershot,HendPe01,DAL,24.0,TE,8.0,1.0,1.0,0.0,0.0,0.0,-2.0,-2.0,2.0,2.0,0.0,,2024-09-04
2023,Connor Heyward,HeywCo00,PIT,24.0,TE,17.0,7.0,1.0,0.0,0.0,0.0,0.0,0.0,0.0,0.0,0.0,,2024-09-04
2023,KhaDarel Hodge,HodgKh00,ATL,28.0,WR,17.0,4.0,1.0,0.0,0.0,0.0,0.0,0.0,0.0,0.0,0.0,,2024-09-04
2023,Amani Hooker,HookAm00,TEN,25.0,DB,13.0,13.0,1.0,2.0,0.0,1.0,2.0,2.0,0.0,0.0,0.0,,2024-09-04
2023,Evan Hull,HullEv00,IND,23.0,RB,1.0,0.0,1.0,1.0,0.0,,1.0,1.0,0.0,0.0,0.0,,2024-09-04
2023,Rakim Jarrett,JarrRa00,TB,22.0,WR,10.0,0.0,1.0,0.0,0.0,0.0,0.0,0.0,0.0,0.0,0.0,,2024-09-04
2023,Justin Jefferson,JeffJu00,MIN,24.0,WR,10.0,9.0,1.0,-12.0,0.0,0.0,-12.0,-12.0,0.0,0.0,0.0,,2024-09-04
2023,Van Jefferson,JeffVa00,2TM,27.0,WR,17.0,9.0,1.0,4.0,0.0,0.0,3.0,3.0,1.0,1.0,0.0,,2024-09-04
2023,Cam Johnston,JohnCa02,HOU,31.0,P,13.0,0.0,1.0,-23.0,0.0,,-23.0,-23.0,0.0,0.0,0.0,,2024-09-04
2023,Christian Kirk,KirkCh01,JAX,27.0,WR,12.0,12.0,1.0,6.0,0.0,0.0,6.0,6.0,0.0,0.0,0.0,,2024-09-04
2023,George Kittle,KittGe00,SF,30.0,TE,16.0,16.0,1.0,2.0,0.0,1.0,1.0,1.0,1.0,1.0,0.0,,2024-09-04
2023,Cooper Kupp,KuppCo00,LA,30.0,WR,12.0,12.0,1.0,-3.0,0.0,0.0,-3.0,-3.0,0.0,0.0,0.0,,2024-09-04
2023,Sam LaPorta,LaPoSa01,DET,22.0,TE,17.0,14.0,1.0,4.0,0.0,0.0,4.0,4.0,0.0,0.0,0.0,,2024-09-04
2023,John Metchie,MetcJo00,HOU,23.0,WR,16.0,0.0,1.0,4.0,0.0,0.0,3.0,3.0,1.0,1.0,0.0,,2024-09-04
2023,Nick Niemann,NiemNi00,LAC,26.0,LB,17.0,3.0,1.0,0.0,0.0,,0.0,0.0,0.0,0.0,0.0,,2024-09-04
2023,Keisean Nixon,NixoKe00,GB,26.0,CB,17.0,13.0,1.0,11.0,0.0,1.0,0.0,0.0,11.0,11.0,1.0,1.0,2024-09-04
2023,Josh Palmer,PalmJo00,LAC,24.0,WR,10.0,6.0,1.0,6.0,0.0,0.0,1.0,1.0,5.0,5.0,1.0,1.0,2024-09-04
2023,Kyle Pitts,PittKy00,ATL,23.0,TE,17.0,15.0,1.0,-4.0,0.0,0.0,-4.0,-4.0,0.0,0.0,0.0,,2024-09-04
2023,Jalen Reagor,ReagJa00,NE,24.0,WR,11.0,1.0,1.0,17.0,0.0,1.0,12.0,12.0,5.0,5.0,0.0,,2024-09-04
2023,Rashee Rice,RiceRa01,KC,23.0,WR,16.0,8.0,1.0,-3.0,0.0,0.0,-3.0,-3.0,0.0,0.0,0.0,,2024-09-04
2023,Demarcus Robinson,RobiDe01,LA,29.0,WR,16.0,4.0,1.0,23.0,0.0,1.0,14.0,14.0,9.0,9.0,0.0,,2024-09-04
2023,James Robinson,RobiJa00,GB,25.0,RB,1.0,0.0,1.0,2.0,0.0,,0.0,0.0,2.0,2.0,0.0,,2024-09-04
2023,Khalil Shakir,ShakKh00,BUF,23.0,WR,17.0,10.0,1.0,10.0,0.0,1.0,10.0,10.0,0.0,0.0,0.0,,2024-09-04
2023,Sterling Shepard,ShepSt00,NYG,30.0,WR,15.0,2.0,1.0,6.0,0.0,0.0,2.0,2.0,4.0,4.0,0.0,,2024-09-04
2023,Steven Sims,SimsSt00,HOU,26.0,WR,3.0,0.0,1.0,1.0,0.0,0.0,0.0,0.0,1.0,1.0,0.0,,2024-09-04
2023,Jonnu Smith,SmitJo01,ATL,28.0,TE,17.0,6.0,1.0,0.0,0.0,0.0,0.0,0.0,0.0,0.0,0.0,,2024-09-04
2023,Ryan Stonehouse,StonRy00,TEN,24.0,P,12.0,0.0,1.0,-11.0,0.0,,-11.0,-11.0,0.0,0.0,0.0,,2024-09-04
2023,Trent Taylor,TaylTr02,CHI,29.0,WR,17.0,0.0,1.0,-2.0,0.0,,-2.0,-2.0,0.0,0.0,0.0,,2024-09-04
2023,Adam Thielen,ThieAd00,CAR,33.0,WR,17.0,17.0,1.0,6.0,0.0,0.0,2.0,2.0,4.0,4.0,0.0,,2024-09-04
2023,Logan Thomas,ThomLo00,WAS,32.0,TE,16.0,15.0,1.0,2.0,0.0,1.0,0.0,0.0,2.0,2.0,0.0,,2024-09-04
2023,Cedric Tillman,TillCe01,CLE,23.0,WR,14.0,3.0,1.0,8.0,0.0,0.0,8.0,8.0,0.0,0.0,0.0,,2024-09-04
2023,Kyle Trask,TrasKy00,TB,25.0,QB,2.0,0.0,1.0,-1.0,0.0,,-1.0,-1.0,0.0,0.0,0.0,,2024-09-04
2023,Ezekiel Turner,TurnZe00,ARI,27.0,LB,16.0,1.0,1.0,2.0,0.0,1.0,2.0,2.0,0.0,0.0,0.0,,2024-09-04
2023,Tress Way,WayxTr00,WAS,33.0,P,17.0,0.0,1.0,0.0,0.0,,0.0,0.0,0.0,0.0,0.0,,2024-09-04
2023,Dontayvion Wicks,WickDo00,GB,22.0,WR,15.0,6.0,1.0,1.0,0.0,0.0,0.0,0.0,1.0,1.0,0.0,,2024-09-04
2023,Jonathan Williams,WillJo07,WAS,29.0,RB,1.0,0.0,1.0,-2.0,0.0,,-2.0,-2.0,0.0,0.0,0.0,,2024-09-04
2023,Mike Williams,WillMi07,LAC,29.0,WR,3.0,3.0,1.0,3.0,0.0,0.0,2.0,2.0,1.0,1.0,0.0,,2024-09-04
2023,Robert Woods,WoodRo02,HOU,31.0,WR,14.0,11.0,1.0,7.0,0.0,0.0,7.0,7.0,0.0,0.0,0.0,,2024-09-04
2023,Logan Woodside,WoodLo00,ATL,28.0,QB,1.0,0.0,1.0,6.0,0.0,0.0,6.0,6.0,0.0,0.0,0.0,,2024-09-04
2023,Ty Zentner,ZentTy00,2TM,25.0,K-P,9.0,0.0,1.0,0.0,0.0,,0.0,0.0,0.0,0.0,0.0,,2024-09-04
2024,Saquon Barkley,BarkSa00,PHI,27.0,RB,16.0,16.0,345.0,2005.0,,82.0,1328.0,3.8,677.0,2.0,19.0,18.2,2025-08-04
2024,Derrick Henry,HenrDe00,BAL,30.0,RB,17.0,17.0,325.0,1921.0,,94.0,1012.0,3.1,909.0,2.8,42.0,7.7,2025-08-04
2024,Kyren Williams,WillKy02,LA,24.0,RB,16.0,16.0,316.0,1299.0,,85.0,693.0,2.2,606.0,1.9,27.0,11.7,2025-08-04
2024,Bijan Robinson,RobiBi01,ATL,22.0,RB,17.0,17.0,304.0,1456.0,,82.0,728.0,2.4,728.0,2.4,23.0,13.2,2025-08-04
2024,Jonathan Taylor,TaylJo02,IND,25.0,RB,14.0,13.0,303.0,1431.0,,71.0,859.0,2.8,572.0,1.9,15.0,20.2,2025-08-04
2024,Josh Jacobs,JacoJo01,GB,26.0,RB,17.0,17.0,301.0,1329.0,,73.0,592.0,2.0,737.0,2.4,35.0,8.6,2025-08-04
2024,Najee Harris,HarrNa00,PIT,26.0,RB,17.0,17.0,263.0,1043.0,,50.0,502.0,1.9,541.0,2.1,22.0,12.0,2025-08-04
2024,Tony Pollard,PollTo00,TEN,27.0,RB,16.0,16.0,260.0,1079.0,,53.0,521.0,2.0,558.0,2.1,22.0,11.8,2025-08-04
2024,Aaron Jones,JoneAa00,MIN,30.0,RB,17.0,17.0,255.0,1138.0,,49.0,614.0,2.4,524.0,2.1,11.0,23.2,2025-08-04
2024,DAndre Swift,SwifDA00,CHI,25.0,RB,17.0,17.0,253.0,959.0,,43.0,511.0,2.0,448.0,1.8,7.0,36.1,2025-08-04
2024,Jahmyr Gibbs,GibbJa01,DET,22.0,RB,17.0,4.0,250.0,1412.0,,70.0,813.0,3.3,599.0,2.4,21.0,11.9,2025-08-04
2024,Chuba Hubbard,HubbCh01,CAR,25.0,RB,15.0,15.0,250.0,1195.0,,62.0,656.0,2.6,539.0,2.2,14.0,17.9,2025-08-04
2024,Joe Mixon,MixoJo00,HOU,28.0,RB,14.0,14.0,245.0,1016.0,,52.0,549.0,2.2,467.0,1.9,19.0,12.9,2025-08-04
2024,James Conner,ConnJa00,ARI,29.0,RB,16.0,16.0,236.0,1094.0,,67.0,528.0,2.2,566.0,2.4,24.0,9.8,2025-08-04
2024,Rico Dowdle,DowdRi01,DAL,26.0,RB,16.0,15.0,235.0,1079.0,,53.0,570.0,2.4,509.0,2.2,11.0,21.4,2025-08-04
2024,Chase Brown,BrowCh10,CIN,24.0,RB,16.0,10.0,229.0,990.0,,49.0,599.0,2.6,391.0,1.7,23.0,10.0,2025-08-04
2024,Alvin Kamara,KamaAl00,NO,29.0,RB,14.0,14.0,228.0,950.0,,52.0,548.0,2.4,402.0,1.8,13.0,17.5,2025-08-04
2024,Breece Hall,HallBr03,NYJ,23.0,RB,16.0,16.0,209.0,876.0,,40.0,432.0,2.1,444.0,2.1,7.0,29.9,2025-08-04
2024,James Cook,CookJa01,BUF,25.0,RB,16.0,16.0,207.0,1009.0,,48.0,530.0,2.6,479.0,2.3,14.0,14.8,2025-08-04
2024,Bucky Irving,IrviBu00,TB,22.0,RB,17.0,3.0,207.0,1122.0,,52.0,566.0,2.7,556.0,2.7,12.0,17.3,2025-08-04
2024,Rhamondre Stevenson,StevRh00,NE,26.0,RB,15.0,14.0,207.0,801.0,,40.0,370.0,1.8,431.0,2.1,14.0,14.8,2025-08-04
2024,DeVon Achane,AchaDe00,MIA,23.0,RB,17.0,16.0,203.0,907.0,,37.0,486.0,2.4,421.0,2.1,7.0,29.0,2025-08-04
2024,Kareem Hunt,HuntKa00,KC,29.0,RB,13.0,8.0,200.0,728.0,,42.0,399.0,2.0,329.0,1.6,7.0,28.6,2025-08-04
2024,JK Dobbins,DobbJK00,LAC,26.0,RB,13.0,11.0,195.0,905.0,,47.0,416.0,2.1,489.0,2.5,24.0,8.1,2025-08-04
2024,Tyrone Tracy,TracTy00,NYG,25.0,RB,17.0,12.0,192.0,839.0,,39.0,511.0,2.7,328.0,1.7,6.0,32.0,2025-08-04
2024,Brian Robinson,RobiBr01,WAS,25.0,RB,14.0,13.0,187.0,799.0,,47.0,378.0,2.0,421.0,2.3,10.0,18.7,2025-08-04
2024,David Montgomery,MontDa01,DET,27.0,RB,14.0,14.0,185.0,775.0,,50.0,347.0,1.9,428.0,2.3,19.0,9.7,2025-08-04
2024,Tank Bigsby,BigsTa00,JAX,23.0,RB,16.0,1.0,168.0,766.0,,39.0,295.0,1.8,471.0,2.8,14.0,12.0,2025-08-04
2024,Jordan Mason,MasoJo00,SF,25.0,RB,12.0,6.0,153.0,789.0,,37.0,441.0,2.9,348.0,2.3,13.0,11.8,2025-08-04
2024,Kenneth Walker,WalkKe00,SEA,24.0,RB,11.0,11.0,153.0,573.0,,28.0,263.0,1.7,310.0,2.0,13.0,11.8,2025-08-04
2024,Travis Etienne,EtieTr00,JAX,25.0,RB,15.0,15.0,150.0,558.0,,31.0,283.0,1.9,275.0,1.8,3.0,50.0,2025-08-04
2024,Jalen Hurts,HurtJa00,PHI,26.0,QB,15.0,15.0,150.0,630.0,,62.0,449.0,3.0,181.0,1.2,11.0,13.6,2025-08-04
2024,Jayden Daniels,DaniJa02,WAS,24.0,QB,17.0,17.0,148.0,891.0,,55.0,653.0,4.4,238.0,1.6,9.0,16.4,2025-08-04
2024,Rachaad White,WhitRa01,TB,25.0,RB,16.0,15.0,144.0,613.0,,35.0,231.0,1.6,382.0,2.7,9.0,16.0,2025-08-04
2024,Lamar Jackson,JackLa00,BAL,27.0,QB,17.0,17.0,139.0,915.0,,47.0,666.0,4.8,249.0,1.8,7.0,19.9,2025-08-04
2024,Javonte Williams,WillJa10,DEN,24.0,RB,17.0,11.0,139.0,513.0,,30.0,258.0,1.9,255.0,1.8,4.0,34.8,2025-08-04
2024,Tyler Allgeier,AllgTy00,ATL,24.0,RB,17.0,0.0,137.0,644.0,,43.0,288.0,2.1,356.0,2.6,7.0,19.6,2025-08-04
2024,Zach Charbonnet,CharZa00,SEA,23.0,RB,17.0,6.0,135.0,569.0,,32.0,267.0,2.0,302.0,2.2,12.0,11.3,2025-08-04
2024,Alexander Mattison,MattAl01,LV,26.0,RB,14.0,7.0,132.0,420.0,,25.0,209.0,1.6,211.0,1.6,7.0,18.9,2025-08-04
2024,Antonio Gibson,GibsAn00,NE,26.0,RB,17.0,3.0,120.0,538.0,,24.0,215.0,1.8,323.0,2.7,12.0,10.0,2025-08-04
2024,Jaylen Warren,WarrJa01,PIT,26.0,RB,15.0,0.0,120.0,511.0,,28.0,279.0,2.3,232.0,1.9,10.0,12.0,2025-08-04
2024,Ray Davis,DaviRa04,BUF,25.0,RB,17.0,0.0,113.0,442.0,,25.0,217.0,1.9,225.0,2.0,6.0,18.8,2025-08-04
2024,Jaleel McLaughlin,McLaJa00,DEN,24.0,RB,16.0,5.0,113.0,496.0,,25.0,302.0,2.7,194.0,1.7,8.0,14.1,2025-08-04
2024,Devin Singletary,SingDe00,NYG,27.0,RB,15.0,5.0,113.0,437.0,,24.0,206.0,1.8,231.0,2.0,10.0,11.3,2025-08-04
2024,Jerome Ford,FordJe00,CLE,25.0,RB,14.0,6.0,104.0,565.0,,25.0,345.0,3.3,220.0,2.1,5.0,20.8,2025-08-04
2024,Cam Akers,AkerCa00,2TM,25.0,RB,17.0,2.0,104.0,444.0,,21.0,226.0,2.2,218.0,2.1,7.0,14.9,2025-08-04
2024,Cam Akers,AkerCa00,HOU,25.0,RB,5.0,2.0,40.0,147.0,,5.0,84.0,2.1,63.0,1.6,2.0,20.0,2025-08-04
2024,Cam Akers,AkerCa00,MIN,25.0,RB,12.0,0.0,64.0,297.0,,16.0,142.0,2.2,155.0,2.4,5.0,12.8,2025-08-04
2024,Emanuel Wilson,WilsEm00,GB,25.0,RB,17.0,0.0,103.0,502.0,,27.0,260.0,2.5,242.0,2.3,9.0,11.4,2025-08-04
2024,Josh Allen,AlleJo02,BUF,28.0,QB,17.0,17.0,102.0,531.0,,52.0,341.0,3.3,190.0,1.9,7.0,14.6,2025-08-04
2024,Nick Chubb,ChubNi00,CLE,29.0,RB,8.0,8.0,102.0,332.0,,17.0,170.0,1.7,162.0,1.6,4.0,25.5,2025-08-04
2024,Gus Edwards,EdwaGu00,LAC,29.0,RB,11.0,6.0,101.0,365.0,,17.0,125.0,1.2,240.0,2.4,9.0,11.2,2025-08-04
2024,Braelon Allen,AlleBr05,NYJ,20.0,RB,17.0,2.0,92.0,334.0,,22.0,143.0,1.6,191.0,2.1,4.0,23.0,2025-08-04
2024,Bo Nix,NixxBo00,DEN,24.0,QB,17.0,17.0,92.0,430.0,,41.0,359.0,3.9,71.0,0.8,3.0,30.7,2025-08-04
2024,Anthony Richardson,RichAn03,IND,22.0,QB,11.0,11.0,86.0,499.0,,34.0,363.0,4.2,136.0,1.6,9.0,9.6,2025-08-04
2024,Raheem Mostert,MostRa00,MIA,32.0,RB,13.0,1.0,85.0,278.0,,13.0,143.0,1.7,135.0,1.6,1.0,85.0,2025-08-04
2024,Isaac Guerendo,GuerIs00,SF,24.0,RB,16.0,3.0,84.0,420.0,,18.0,180.0,2.1,240.0,2.9,3.0,28.0,2025-08-04
2024,Tyjae Spears,SpeaTy00,TEN,23.0,RB,12.0,1.0,84.0,312.0,,19.0,128.0,1.5,184.0,2.2,13.0,6.5,2025-08-04
2024,Isiah Pacheco,PachIs00,KC,25.0,RB,7.0,6.0,83.0,310.0,,14.0,182.0,2.2,128.0,1.5,0.0,,2025-08-04
2024,Caleb Williams,WillCa03,CHI,23.0,QB,17.0,17.0,81.0,489.0,,27.0,385.0,4.8,104.0,1.3,5.0,16.2,2025-08-04
2024,Kyler Murray,MurrKy00,ARI,27.0,QB,17.0,17.0,78.0,572.0,,27.0,468.0,6.0,104.0,1.3,2.0,39.0,2025-08-04
2024,Austin Ekeler,EkelAu00,WAS,29.0,RB,12.0,6.0,77.0,367.0,,19.0,231.0,3.0,136.0,1.8,3.0,25.7,2025-08-04
2024,Audric Estime,EstiAu00,DEN,21.0,RB,13.0,1.0,76.0,310.0,,15.0,134.0,1.8,176.0,2.3,3.0,25.3,2025-08-04
2024,Kenneth Gainwell,GainKe00,PHI,25.0,RB,17.0,1.0,75.0,290.0,,12.0,162.0,2.2,128.0,1.7,3.0,25.0,2025-08-04
2024,Ezekiel Elliott,ElliEz00,DAL,29.0,RB,15.0,2.0,74.0,226.0,,14.0,115.0,1.6,111.0,1.5,2.0,37.0,2025-08-04
2024,Zack Moss,MossZa00,CIN,27.0,RB,8.0,6.0,74.0,242.0,,13.0,166.0,2.2,76.0,1.0,4.0,18.5,2025-08-04
2024,DOnta Foreman,ForeDO00,CLE,28.0,RB,11.0,3.0,71.0,232.0,,10.0,131.0,1.8,101.0,1.4,0.0,,2025-08-04
2024,Justin Herbert,HerbJu00,LAC,26.0,QB,17.0,17.0,69.0,306.0,,23.0,224.0,3.2,82.0,1.2,2.0,34.5,2025-08-04
2024,Jaylen Wright,WrigJa04,MIA,21.0,RB,15.0,1.0,68.0,249.0,,11.0,126.0,1.9,123.0,1.8,3.0,22.7,2025-08-04
2024,Sam Darnold,DarnSa00,MIN,27.0,QB,17.0,17.0,67.0,212.0,,23.0,155.0,2.3,57.0,0.9,1.0,67.0,2025-08-04
2024,Daniel Jones,JoneDa05,NYG,27.0,QB,10.0,10.0,67.0,265.0,,26.0,186.0,2.8,79.0,1.2,5.0,13.4,2025-08-04
2024,Ameer Abdullah,AbduAm00,LV,31.0,RB,16.0,3.0,66.0,311.0,,14.0,183.0,2.8,128.0,1.9,5.0,13.2,2025-08-04
2024,Brock Purdy,PurdBr00,SF,25.0,QB,15.0,15.0,66.0,323.0,,33.0,259.0,3.9,64.0,1.0,2.0,33.0,2025-08-04
2024,Zamir White,WhitZa01,LV,25.0,RB,8.0,5.0,65.0,183.0,,4.0,93.0,1.4,90.0,1.4,4.0,16.3,2025-08-04
2024,Trey Benson,BensTr01,ARI,21.0,RB,13.0,1.0,63.0,291.0,,16.0,157.0,2.5,134.0,2.1,4.0,15.8,2025-08-04
2024,Justin Fields,FielJu00,PIT,25.0,QB,10.0,6.0,62.0,289.0,,19.0,214.0,3.5,75.0,1.2,2.0,31.0,2025-08-04
2024,Baker Mayfield,MayfBa00,TB,29.0,QB,17.0,17.0,60.0,378.0,,24.0,294.0,4.9,84.0,1.4,5.0,12.0,2025-08-04
2024,Blake Corum,CoruBl00,LA,24.0,RB,17.0,1.0,58.0,207.0,,12.0,122.0,2.1,85.0,1.5,0.0,,2025-08-04
2024,Patrick Mahomes,MahoPa00,KC,29.0,QB,16.0,16.0,58.0,307.0,,22.0,240.0,4.1,67.0,1.2,0.0,,2025-08-04
2024,Ty Chandler,ChanTy01,MIN,26.0,RB,17.0,0.0,56.0,182.0,,9.0,128.0,2.3,54.0,1.0,0.0,,2025-08-04
2024,Trey Sermon,SermTr00,IND,25.0,RB,17.0,3.0,56.0,159.0,,14.0,75.0,1.3,84.0,1.5,3.0,18.7,2025-08-04
2024,Carson Steele,SteeCa00,KC,22.0,RB,17.0,3.0,56.0,183.0,,14.0,87.0,1.6,96.0,1.7,2.0,28.0,2025-08-04
2024,Roschon Johnson,JohnRo07,CHI,23.0,RB,14.0,0.0,55.0,150.0,,17.0,80.0,1.5,70.0,1.3,0.0,,2025-08-04
2024,Jeremy McNichols,McNiJe00,WAS,29.0,RB,17.0,1.0,55.0,261.0,,15.0,97.0,1.8,164.0,3.0,7.0,7.9,2025-08-04
2024,Miles Sanders,SandMi01,CAR,27.0,RB,11.0,2.0,55.0,205.0,,12.0,124.0,2.3,81.0,1.5,2.0,27.5,2025-08-04
2024,Drake Maye,MayeDr00,NE,22.0,QB,13.0,12.0,54.0,421.0,,22.0,335.0,6.2,86.0,1.6,2.0,27.0,2025-08-04
2024,Geno Smith,SmitGe00,SEA,34.0,QB,17.0,17.0,53.0,272.0,,17.0,254.0,4.8,18.0,0.3,0.0,,2025-08-04
2024,CJ Stroud,StroCJ00,HOU,23.0,QB,17.0,17.0,52.0,233.0,,14.0,190.0,3.7,43.0,0.8,3.0,17.3,2025-08-04
2024,Christian McCaffrey,McCaCh01,SF,28.0,RB,4.0,4.0,50.0,202.0,,12.0,116.0,2.3,86.0,1.7,3.0,16.7,2025-08-04
2024,Sean Tucker,TuckSe00,TB,23.0,RB,17.0,0.0,50.0,308.0,,17.0,179.0,3.6,129.0,2.6,5.0,10.0,2025-08-04
2024,Jamaal Williams,WillJa06,NO,29.0,RB,14.0,1.0,48.0,164.0,,11.0,92.0,1.9,72.0,1.5,0.0,,2025-08-04
2024,Justice Hill,HillJu00,BAL,27.0,RB,15.0,0.0,47.0,228.0,,14.0,90.0,1.9,138.0,2.9,6.0,7.8,2025-08-04
2024,Will Levis,LeviWi00,TEN,25.0,QB,12.0,12.0,45.0,183.0,,20.0,129.0,2.9,54.0,1.2,4.0,11.3,2025-08-04
2024,Kimani Vidal,VidaKi00,LAC,23.0,RB,10.0,0.0,43.0,155.0,,7.0,83.0,1.9,72.0,1.7,3.0,14.3,2025-08-04
2024,Russell Wilson,WilsRu00,PIT,36.0,QB,11.0,11.0,43.0,155.0,,16.0,142.0,3.3,13.0,0.3,0.0,,2025-08-04
2024,Bryce Young,YounBr01,CAR,23.0,QB,14.0,12.0,43.0,249.0,,15.0,217.0,5.0,32.0,0.7,4.0,10.8,2025-08-04
2024,Joe Burrow,BurrJo01,CIN,28.0,QB,17.0,17.0,42.0,201.0,,16.0,166.0,4.0,35.0,0.8,0.0,,2025-08-04
2024,Deebo Samuel,SamuDe00,SF,28.0,WR,15.0,15.0,42.0,136.0,,5.0,67.0,1.6,69.0,1.6,1.0,42.0,2025-08-04
2024,Ty Johnson,JohnTy02,BUF,27.0,RB,17.0,1.0,41.0,213.0,,13.0,106.0,2.6,107.0,2.6,2.0,20.5,2025-08-04
2024,Dameon Pierce,PierDa01,HOU,24.0,RB,11.0,0.0,40.0,293.0,,7.0,77.0,1.9,216.0,5.4,6.0,6.7,2025-08-04
2024,Taysom Hill,HillTa00,NO,34.0,TE,8.0,8.0,39.0,278.0,,18.0,108.0,2.8,170.0,4.4,4.0,9.8,2025-08-04
2024,Sincere McCormick,McCoSi00,LV,24.0,RB,5.0,2.0,39.0,183.0,,10.0,90.0,2.3,93.0,2.4,5.0,7.8,2025-08-04
2024,Kendre Miller,MillKe01,NO,22.0,RB,6.0,2.0,39.0,148.0,,11.0,55.0,1.4,93.0,2.4,6.0,6.5,2025-08-04
2024,Patrick Taylor,TaylPa01,SF,26.0,RB,13.0,1.0,39.0,183.0,,11.0,89.0,2.3,94.0,2.4,0.0,,2025-08-04
2024,Chris Brooks,BrooCh00,GB,24.0,RB,15.0,0.0,36.0,183.0,,12.0,74.0,2.1,109.0,3.0,6.0,6.0,2025-08-04
2024,Khalil Herbert,HerbKh00,2TM,26.0,RB,14.0,1.0,36.0,130.0,,10.0,74.0,2.1,56.0,1.6,0.0,,2025-08-04
2024,Khalil Herbert,HerbKh00,CHI,26.0,RB,6.0,0.0,8.0,16.0,,3.0,6.0,0.8,10.0,1.3,0.0,,2025-08-04
2024,Khalil Herbert,HerbKh00,CIN,26.0,RB,8.0,1.0,28.0,114.0,,7.0,68.0,2.4,46.0,1.6,0.0,,2025-08-04
2024,Michael Carter,CartMi03,ARI,25.0,RB,3.0,1.0,35.0,131.0,,9.0,81.0,2.3,50.0,1.4,1.0,35.0,2025-08-04
2024,Jared Goff,GoffJa00,DET,30.0,QB,17.0,17.0,35.0,56.0,,9.0,52.0,1.5,4.0,0.1,0.0,,2025-08-04
2024,Chris Rodriguez,RodrCh00,WAS,24.0,RB,9.0,0.0,35.0,173.0,,10.0,62.0,1.8,111.0,3.2,1.0,35.0,2025-08-04
2024,Hassan Haskins,HaskHa00,LAC,25.0,RB,17.0,0.0,34.0,89.0,,13.0,39.0,1.1,50.0,1.5,0.0,,2025-08-04
2024,Tyler Goodson,GoodTy00,IND,24.0,RB,16.0,0.0,32.0,153.0,,6.0,93.0,2.9,60.0,1.9,0.0,,2025-08-04
2024,DErnest Johnson,JohnDE04,JAX,28.0,RB,14.0,1.0,32.0,143.0,,7.0,79.0,2.5,64.0,2.0,0.0,,2025-08-04
2024,Cordarrelle Patterson,PattCo00,PIT,33.0,RB,13.0,1.0,32.0,135.0,,7.0,46.0,1.4,89.0,2.8,3.0,10.7,2025-08-04
2024,Kenny McIntosh,McInKe00,SEA,24.0,RB,17.0,0.0,31.0,172.0,,8.0,97.0,3.1,75.0,2.4,5.0,6.2,2025-08-04
2024,Craig Reynolds,ReynCr00,DET,28.0,RB,17.0,0.0,31.0,139.0,,6.0,91.0,2.9,48.0,1.5,1.0,31.0,2025-08-04
2024,Deshaun Watson,WatsDe00,CLE,29.0,QB,7.0,7.0,31.0,148.0,,8.0,109.0,3.5,39.0,1.3,1.0,31.0,2025-08-04
2024,Isaiah Davis,DaviIs00,NYJ,22.0,RB,17.0,0.0,30.0,174.0,,10.0,66.0,2.2,108.0,3.6,4.0,7.5,2025-08-04
2024,Dare Ogunbowale,OgunDa00,HOU,30.0,RB,17.0,1.0,30.0,112.0,,5.0,70.0,2.3,42.0,1.4,1.0,30.0,2025-08-04
2024,Will Shipley,ShipWi00,PHI,22.0,RB,16.0,1.0,30.0,82.0,,2.0,44.0,1.5,38.0,1.3,0.0,,2025-08-04
2024,Matthew Stafford,StafMa00,LA,36.0,QB,16.0,16.0,30.0,41.0,,10.0,36.0,1.2,5.0,0.2,0.0,,2025-08-04
2024,Mac Jones,JoneMa05,JAX,26.0,QB,10.0,7.0,28.0,92.0,,12.0,57.0,2.0,35.0,1.3,0.0,,2025-08-04
2024,Tyler Huntley,HuntTy01,MIA,26.0,QB,5.0,5.0,26.0,135.0,,10.0,104.0,4.0,31.0,1.2,0.0,,2025-08-04
2024,Trevor Lawrence,LawrTr00,JAX,25.0,QB,10.0,10.0,26.0,119.0,,13.0,89.0,3.4,30.0,1.2,2.0,13.0,2025-08-04
2024,Cooper Rush,RushCo00,DAL,31.0,QB,12.0,8.0,26.0,18.0,,5.0,7.0,0.3,11.0,0.4,0.0,,2025-08-04
2024,Pierre Strong,StroPi00,CLE,26.0,RB,14.0,0.0,26.0,108.0,,6.0,69.0,2.7,39.0,1.5,0.0,,2025-08-04
2024,Jordan Love,LoveJo03,GB,26.0,QB,15.0,15.0,25.0,83.0,,9.0,48.0,1.9,35.0,1.4,0.0,,2025-08-04
2024,Mason Rudolph,RudoMa00,TEN,29.0,QB,8.0,5.0,25.0,106.0,,13.0,83.0,3.3,23.0,0.9,1.0,25.0,2025-08-04
2024,Jameis Winston,WinsJa00,CLE,30.0,QB,12.0,7.0,25.0,83.0,,17.0,72.0,2.9,11.0,0.4,0.0,,2025-08-04
2024,Emari Demercado,DemeEm00,ARI,25.0,RB,13.0,0.0,24.0,223.0,,8.0,86.0,3.6,137.0,5.7,3.0,8.0,2025-08-04
2024,Kirk Cousins,CousKi00,ATL,36.0,QB,14.0,14.0,23.0,0.0,,2.0,-8.0,-0.3,8.0,0.3,0.0,,2025-08-04
2024,Julius Chestnut,ChesJu00,TEN,24.0,RB,17.0,0.0,22.0,102.0,,2.0,55.0,2.5,47.0,2.1,2.0,11.0,2025-08-04
2024,Ronnie Rivers,RiveRo01,LA,25.0,RB,17.0,0.0,22.0,99.0,,6.0,71.0,3.2,28.0,1.3,0.0,,2025-08-04
2024,Aaron Rodgers,RodgAa00,NYJ,41.0,QB,17.0,17.0,22.0,107.0,,7.0,102.0,4.6,5.0,0.2,1.0,22.0,2025-08-04
2024,Aidan OConnell,OConAi00,LV,26.0,QB,9.0,7.0,21.0,30.0,,10.0,19.0,0.9,11.0,0.5,0.0,,2025-08-04
2024,Dorian Thompson-Robinson,ThomDo02,CLE,25.0,QB,7.0,2.0,21.0,122.0,,9.0,94.0,4.5,28.0,1.3,1.0,21.0,2025-08-04
2024,JaMycal Hasty,HastJa02,NE,28.0,RB,15.0,0.0,20.0,69.0,,4.0,38.0,1.9,31.0,1.6,0.0,,2025-08-04
2024,Jordan Mims,MimsJo00,NO,25.0,RB,11.0,0.0,20.0,70.0,,2.0,50.0,2.5,20.0,1.0,0.0,,2025-08-04
2024,Samaje Perine,PeriSa00,KC,29.0,RB,17.0,0.0,20.0,92.0,,7.0,54.0,2.7,38.0,1.9,0.0,,2025-08-04
2024,Jayden Reed,ReedJa03,GB,24.0,WR,17.0,10.0,20.0,163.0,,7.0,114.0,5.7,49.0,2.5,2.0,10.0,2025-08-04
2024,Malik Willis,WillMa12,GB,25.0,QB,7.0,2.0,20.0,138.0,,6.0,90.0,4.5,48.0,2.4,3.0,6.7,2025-08-04
2024,Xavier Worthy,WortXa00,KC,21.0,WR,17.0,13.0,20.0,104.0,,4.0,71.0,3.6,33.0,1.7,1.0,20.0,2025-08-04
2024,Gardner Minshew,MinsGa00,LV,28.0,QB,10.0,9.0,19.0,58.0,,5.0,45.0,2.4,13.0,0.7,0.0,,2025-08-04
2024,Drew Lock,LockDr00,NYG,28.0,QB,8.0,5.0,18.0,133.0,,9.0,103.0,5.7,30.0,1.7,0.0,,2025-08-04
2024,Marcus Mariota,MariMa01,WAS,31.0,QB,3.0,0.0,18.0,92.0,,6.0,78.0,4.3,14.0,0.8,1.0,18.0,2025-08-04
2024,Spencer Rattler,RattSp00,NO,24.0,QB,7.0,6.0,18.0,146.0,,7.0,99.0,5.5,47.0,2.6,0.0,,2025-08-04
2024,Derek Carr,CarrDe02,NO,33.0,QB,10.0,10.0,17.0,71.0,,4.0,66.0,3.9,5.0,0.3,0.0,,2025-08-04
2024,Tua Tagovailoa,TagoTu00,MIA,26.0,QB,11.0,11.0,17.0,49.0,,5.0,49.0,2.9,0.0,0.0,0.0,,2025-08-04
2024,Mitchell Trubisky,TrubMi00,BUF,30.0,QB,9.0,0.0,17.0,1.0,,1.0,1.0,0.1,0.0,0.0,0.0,,2025-08-04
2024,Deuce Vaughn,VaugDe00,DAL,23.0,RB,7.0,0.0,17.0,70.0,,2.0,38.0,2.2,32.0,1.9,0.0,,2025-08-04
2024,KaVontae Turpin,TurpKa00,DAL,28.0,WR,17.0,2.0,16.0,92.0,,6.0,53.0,3.3,39.0,2.4,2.0,8.0,2025-08-04
2024,Jeff Wilson,WilsJe01,MIA,29.0,RB,9.0,0.0,16.0,57.0,,3.0,24.0,1.5,33.0,2.1,0.0,,2025-08-04
2024,Raheem Blackshear,BlacRa00,CAR,25.0,RB,16.0,1.0,15.0,80.0,,2.0,35.0,2.3,45.0,3.0,2.0,7.5,2025-08-04
2024,Jacoby Brissett,BrisJa00,NE,32.0,QB,8.0,5.0,15.0,62.0,,5.0,49.0,3.3,13.0,0.9,0.0,,2025-08-04
2024,Keaton Mitchell,MitcKe01,BAL,22.0,RB,5.0,0.0,15.0,30.0,,2.0,8.0,0.5,22.0,1.5,2.0,7.5,2025-08-04
2024,Eric Gray,GrayEr01,NYG,25.0,RB,17.0,0.0,14.0,31.0,,1.0,17.0,1.2,14.0,1.0,0.0,,2025-08-04
2024,CeeDee Lamb,LambCe00,DAL,25.0,WR,15.0,15.0,14.0,70.0,,4.0,37.0,2.6,33.0,2.4,1.0,14.0,2025-08-04
2024,DJ Moore,MoorD.00,CHI,27.0,WR,17.0,17.0,14.0,75.0,,3.0,56.0,4.0,19.0,1.4,1.0,14.0,2025-08-04
2024,Mike Boone,BoonMi00,CAR,29.0,RB,6.0,0.0,13.0,51.0,,3.0,30.0,2.3,21.0,1.6,1.0,13.0,2025-08-04
2024,Clyde Edwards-Helaire,EdwaCl00,NO,25.0,RB,2.0,0.0,13.0,46.0,,2.0,17.0,1.3,29.0,2.2,3.0,4.3,2025-08-04
2024,Terrell Jennings,JennTe00,NE,23.0,RB,3.0,0.0,13.0,33.0,,0.0,19.0,1.5,14.0,1.1,0.0,,2025-08-04
2024,Jase McClellan,McClJa05,ATL,22.0,RB,2.0,0.0,13.0,32.0,,2.0,13.0,1.0,19.0,1.5,0.0,,2025-08-04
2024,Marvin Mims,MimsMa00,DEN,22.0,WR,17.0,2.0,13.0,42.0,,3.0,14.0,1.1,28.0,2.2,1.0,13.0,2025-08-04
2024,Dak Prescott,PresDa01,DAL,31.0,QB,8.0,8.0,13.0,54.0,,5.0,48.0,3.7,6.0,0.5,0.0,,2025-08-04
2024,Derius Davis,DaviDe02,LAC,24.0,WR,15.0,2.0,12.0,39.0,,2.0,22.0,1.8,17.0,1.4,0.0,,2025-08-04
2024,Hunter Luepke,LuepHu00,DAL,24.0,RB,16.0,4.0,12.0,38.0,,6.0,13.0,1.1,25.0,2.1,1.0,12.0,2025-08-04
2024,Tyler Badie,BadiTy00,DEN,24.0,RB,3.0,0.0,11.0,86.0,,4.0,22.0,2.0,64.0,5.8,1.0,11.0,2025-08-04
2024,Andy Dalton,DaltAn00,CAR,37.0,QB,6.0,5.0,11.0,34.0,,2.0,15.0,1.4,19.0,1.7,1.0,11.0,2025-08-04
2024,Jake Haener,HaenJa00,NO,25.0,QB,8.0,1.0,11.0,22.0,,0.0,22.0,2.0,0.0,0.0,0.0,,2025-08-04
2024,Trey Lance,LancTr00,DAL,24.0,QB,4.0,1.0,11.0,41.0,,3.0,34.0,3.1,7.0,0.6,0.0,,2025-08-04
2024,Puka Nacua,NacuPu00,LA,23.0,WR,11.0,11.0,11.0,46.0,,2.0,24.0,2.2,22.0,2.0,1.0,11.0,2025-08-04
2024,Jameson Williams,WillJa11,DET,23.0,WR,15.0,11.0,11.0,61.0,,5.0,40.0,3.6,21.0,1.9,1.0,11.0,2025-08-04
2024,Rasheen Ali,AlixRa00,BAL,23.0,RB,6.0,0.0,10.0,31.0,,2.0,16.0,1.6,15.0,1.5,0.0,,2025-08-04
2024,Alec Ingold,IngoAl01,MIA,28.0,FB,15.0,10.0,10.0,17.0,,6.0,3.0,0.3,14.0,1.4,0.0,,2025-08-04
2024,Ray-Ray McCloud,McClRa00,ATL,28.0,WR,17.0,13.0,10.0,79.0,,3.0,50.0,5.0,29.0,2.9,0.0,,2025-08-04
2024,Joe Milton,MiltJo00,NE,24.0,QB,1.0,0.0,10.0,16.0,,4.0,2.0,0.2,14.0,1.4,0.0,,2025-08-04
2024,JJ Taylor,TaylJJ01,HOU,26.0,RB,5.0,0.0,10.0,44.0,,1.0,34.0,3.4,10.0,1.0,0.0,,2025-08-04
2024,Jonathon Brooks,BrooJo02,CAR,21.0,RB,3.0,1.0,9.0,22.0,,0.0,8.0,0.9,14.0,1.6,1.0,9.0,2025-08-04
2024,DeeJay Dallas,DallDe00,ARI,26.0,RB,17.0,0.0,9.0,49.0,,4.0,32.0,3.6,17.0,1.9,0.0,,2025-08-04
2024,Tank Dell,DellNa00,HOU,25.0,WR,14.0,10.0,9.0,43.0,,3.0,35.0,3.9,8.0,0.9,0.0,,2025-08-04
2024,Joshua Dobbs,DobbJo00,SF,29.0,QB,2.0,1.0,9.0,24.0,,2.0,18.0,2.0,6.0,0.7,1.0,9.0,2025-08-04
2024,Joe Flacco,FlacJo00,IND,39.0,QB,8.0,6.0,9.0,26.0,,2.0,24.0,2.7,2.0,0.2,0.0,,2025-08-04
2024,Zay Flowers,FlowZa00,BAL,24.0,WR,17.0,15.0,9.0,56.0,,1.0,27.0,3.0,29.0,3.2,1.0,9.0,2025-08-04
2024,Kenny Pickett,PickKe00,PHI,26.0,QB,5.0,1.0,9.0,15.0,,3.0,11.0,1.2,4.0,0.4,0.0,,2025-08-04
2024,Desmond Ridder,RiddDe00,LV,25.0,QB,6.0,1.0,9.0,36.0,,2.0,22.0,2.4,14.0,1.6,0.0,,2025-08-04
2024,Tre Tucker,TuckTr00,LV,23.0,WR,17.0,14.0,9.0,44.0,,3.0,34.0,3.8,10.0,1.1,0.0,,2025-08-04
2024,Dalvin Cook,CookDa01,DAL,29.0,RB,2.0,0.0,8.0,20.0,,0.0,12.0,1.5,8.0,1.0,0.0,,2025-08-04
2024,Tommy DeVito,DeViTo00,NYG,26.0,QB,3.0,2.0,8.0,32.0,,1.0,28.0,3.5,4.0,0.5,0.0,,2025-08-04
2024,Tyreek Hill,HillTy00,MIA,30.0,WR,17.0,17.0,8.0,53.0,,2.0,45.0,5.6,8.0,1.0,1.0,8.0,2025-08-04
2024,Bo Melton,MeltBo00,GB,25.0,WR,17.0,0.0,8.0,54.0,,4.0,36.0,4.5,18.0,2.3,2.0,4.0,2025-08-04
2024,Calvin Ridley,RidlCa00,TEN,30.0,WR,17.0,14.0,8.0,55.0,,3.0,42.0,5.3,13.0,1.6,1.0,8.0,2025-08-04
2024,Sterling Shepard,ShepSt00,TB,31.0,WR,14.0,5.0,8.0,69.0,,4.0,48.0,6.0,21.0,2.6,1.0,8.0,2025-08-04
2024,Michael Burton,BurtMi00,DEN,32.0,FB,17.0,2.0,7.0,8.0,,3.0,3.0,0.4,5.0,0.7,0.0,,2025-08-04
2024,Michael Penix,PeniMi00,ATL,24.0,QB,5.0,3.0,7.0,11.0,,1.0,8.0,1.1,3.0,0.4,0.0,,2025-08-04
2024,Clayton Tune,TuneCl00,ARI,25.0,QB,6.0,0.0,7.0,-4.0,,2.0,-5.0,-0.7,1.0,0.1,0.0,,2025-08-04
2024,Tyson Bagent,BageTy00,CHI,24.0,QB,4.0,0.0,6.0,-7.0,,0.0,-7.0,-1.2,0.0,0.0,0.0,,2025-08-04
2024,Travis Homer,HomeTr00,CHI,26.0,RB,10.0,0.0,6.0,23.0,,2.0,16.0,2.7,7.0,1.2,0.0,,2025-08-04
2024,Jermar Jefferson,JeffJe00,DET,24.0,RB,2.0,0.0,6.0,22.0,,1.0,9.0,1.5,13.0,2.2,0.0,,2025-08-04
2024,Xavier Legette,LegeXa00,CAR,23.0,WR,16.0,13.0,6.0,24.0,,2.0,18.0,3.0,6.0,1.0,1.0,6.0,2025-08-04
2024,MarShawn Lloyd,LloyMa00,GB,23.0,RB,1.0,0.0,6.0,15.0,,0.0,12.0,2.0,3.0,0.5,0.0,,2025-08-04
2024,Rashid Shaheed,ShahRa00,NO,26.0,WR,6.0,5.0,6.0,29.0,,2.0,21.0,3.5,8.0,1.3,0.0,,2025-08-04
2024,Aaron Shampklin,ShamAa00,PIT,25.0,RB,3.0,0.0,6.0,17.0,,1.0,8.0,1.3,9.0,1.5,0.0,,2025-08-04
2024,Brian Thomas,ThomBr06,JAX,22.0,WR,17.0,16.0,6.0,48.0,,3.0,38.0,6.3,10.0,1.7,0.0,,2025-08-04
2024,Sione Vaki,VakiSi00,DET,23.0,RB,16.0,0.0,6.0,14.0,,0.0,8.0,1.3,6.0,1.0,0.0,,2025-08-04
2024,Brock Bowers,BoweBr01,LV,22.0,TE,17.0,16.0,5.0,13.0,,2.0,-1.0,-0.2,14.0,2.8,1.0,5.0,2025-08-04
2024,Chris Collier,CollCh01,LV,24.0,RB,3.0,0.0,5.0,12.0,,0.0,5.0,1.0,7.0,1.4,0.0,,2025-08-04
2024,Greg Dortch,DortGr01,ARI,26.0,WR,17.0,4.0,5.0,31.0,,1.0,24.0,4.8,7.0,1.4,0.0,,2025-08-04
2024,Ashton Dulin,DuliAs00,IND,27.0,WR,15.0,2.0,5.0,45.0,,2.0,27.0,5.4,18.0,3.6,1.0,5.0,2025-08-04
2024,Mecole Hardman,HardMe00,KC,26.0,WR,12.0,0.0,5.0,62.0,,2.0,45.0,9.0,17.0,3.4,2.0,2.5,2025-08-04
2024,Hendon Hooker,HookHe00,DET,26.0,QB,3.0,0.0,5.0,2.0,,1.0,2.0,0.4,0.0,0.0,0.0,,2025-08-04
2024,Kyle Juszczyk,JuszKy00,SF,33.0,FB,17.0,15.0,5.0,26.0,,1.0,9.0,1.8,17.0,3.4,1.0,5.0,2025-08-04
2024,Jacob Kibodi,KiboJa00,CLE,26.0,RB,1.0,0.0,5.0,24.0,,1.0,10.0,2.0,14.0,2.8,0.0,,2025-08-04
2024,Tanner McKee,McKeTa01,PHI,24.0,QB,2.0,1.0,5.0,-1.0,,1.0,-3.0,-0.6,2.0,0.4,0.0,,2025-08-04
2024,Malik Nabers,NabeMa00,NYG,21.0,WR,15.0,13.0,5.0,2.0,,1.0,-4.0,-0.8,6.0,1.2,0.0,,2025-08-04
2024,Curtis Samuel,SamuCu00,BUF,28.0,WR,14.0,2.0,5.0,14.0,,0.0,9.0,1.8,5.0,1.0,0.0,,2025-08-04
2024,Jaxon Smith-Njigba,SmitJa06,SEA,22.0,WR,17.0,16.0,5.0,26.0,,1.0,17.0,3.4,9.0,1.8,0.0,,2025-08-04
2024,Kyle Trask,TrasKy00,TB,26.0,QB,4.0,0.0,5.0,-4.0,,0.0,-4.0,-0.8,0.0,0.0,0.0,,2025-08-04
2024,DJ Turner,TurnDJ00,LV,27.0,WR,12.0,6.0,5.0,33.0,,1.0,10.0,2.0,23.0,4.6,2.0,2.5,2025-08-04
2024,Jonathan Ward,WardJo00,PIT,27.0,RB,4.0,0.0,5.0,22.0,,1.0,12.0,2.4,10.0,2.0,1.0,5.0,2025-08-04
2024,Malik Washington,WashMa00,MIA,23.0,WR,14.0,3.0,5.0,25.0,,1.0,11.0,2.2,14.0,2.8,1.0,5.0,2025-08-04
2024,Mark Andrews,AndrMa00,BAL,29.0,TE,17.0,13.0,4.0,5.0,,3.0,1.0,0.3,4.0,1.0,0.0,,2025-08-04
2024,Devin Duvernay,DuveDe00,JAX,27.0,WR,13.0,1.0,4.0,3.0,,1.0,-4.0,-1.0,7.0,1.8,0.0,,2025-08-04
2024,Josh Johnson,JohnJo05,BAL,38.0,QB,6.0,0.0,4.0,1.0,,0.0,-1.0,-0.3,2.0,0.5,0.0,,2025-08-04
2024,Tony Jones,JoneTo04,ARI,27.0,RB,1.0,0.0,4.0,55.0,,1.0,9.0,2.3,46.0,11.5,0.0,,2025-08-04
2024,Jalen McMillan,McMiJa01,TB,23.0,WR,13.0,12.0,4.0,43.0,,3.0,26.0,6.5,17.0,4.3,1.0,4.0,2025-08-04
2024,Adonai Mitchell,MitcAd00,IND,22.0,WR,17.0,7.0,4.0,6.0,,1.0,2.0,0.5,4.0,1.0,0.0,,2025-08-04
2024,Xavier Smith,SmitXa00,LA,27.0,WR,15.0,0.0,4.0,36.0,,1.0,30.0,7.5,6.0,1.5,0.0,,2025-08-04
2024,Jarrett Stidham,StidJa00,DEN,28.0,QB,3.0,0.0,4.0,5.0,,1.0,2.0,0.5,3.0,0.8,0.0,,2025-08-04
2024,Jaylen Waddle,WaddJa00,MIA,26.0,WR,15.0,15.0,4.0,12.0,,1.0,8.0,2.0,4.0,1.0,0.0,,2025-08-04
2024,Blake Watson,WatsBl00,DEN,25.0,RB,2.0,0.0,4.0,10.0,,2.0,7.0,1.8,3.0,0.8,0.0,,2025-08-04
2024,Christian Watson,WatsCh00,GB,25.0,WR,15.0,15.0,4.0,23.0,,1.0,19.0,4.8,4.0,1.0,1.0,4.0,2025-08-04
2024,Jordan Addison,AddiJo00,MIN,22.0,WR,15.0,15.0,3.0,20.0,,1.0,10.0,3.3,10.0,3.3,1.0,3.0,2025-08-04
2024,Brandon Allen,AlleBr00,SF,32.0,QB,3.0,1.0,3.0,4.0,,0.0,4.0,1.3,0.0,0.0,0.0,,2025-08-04
2024,Dyami Brown,BrowDy00,WAS,25.0,WR,16.0,3.0,3.0,26.0,,1.0,20.0,6.7,6.0,2.0,0.0,,2025-08-04
2024,JaMarr Chase,ChasJa00,CIN,24.0,WR,17.0,16.0,3.0,32.0,,2.0,30.0,10.0,2.0,0.7,0.0,,2025-08-04
2024,Brandin Cooks,CookBr00,DAL,31.0,WR,10.0,9.0,3.0,-3.0,,0.0,-8.0,-2.7,5.0,1.7,0.0,,2025-08-04
2024,Tyrion Davis-Price,DaviTy03,PHI,24.0,RB,1.0,0.0,3.0,7.0,,0.0,3.0,1.0,4.0,1.3,0.0,,2025-08-04
2024,Stefon Diggs,DiggSt00,HOU,31.0,WR,8.0,8.0,3.0,8.0,,1.0,6.0,2.0,2.0,0.7,0.0,,2025-08-04
2024,Demario Douglas,DougDe00,NE,24.0,WR,17.0,7.0,3.0,16.0,,0.0,12.0,4.0,4.0,1.3,0.0,,2025-08-04
2024,Darrynton Evans,EvanDa02,CHI,26.0,RB,5.0,0.0,3.0,3.0,,0.0,2.0,0.7,1.0,0.3,0.0,,2025-08-04
2024,Myles Gaskin,GaskMy00,MIN,27.0,RB,5.0,0.0,3.0,-1.0,,0.0,-2.0,-0.7,1.0,0.3,0.0,,2025-08-04
2024,Reggie Gilliam,GillRe00,BUF,27.0,FB,15.0,0.0,3.0,7.0,,1.0,2.0,0.7,5.0,1.7,1.0,3.0,2025-08-04
2024,George Holani,HolaGe00,SEA,25.0,RB,5.0,0.0,3.0,10.0,,1.0,7.0,2.3,3.0,1.0,0.0,,2025-08-04
2024,Quentin Johnston,JohnQu02,LAC,23.0,WR,15.0,11.0,3.0,6.0,,0.0,1.0,0.3,5.0,1.7,1.0,3.0,2025-08-04
2024,Tucker Kraft,KrafTu00,GB,24.0,TE,17.0,17.0,3.0,6.0,,3.0,3.0,1.0,3.0,1.0,0.0,,2025-08-04
2024,Davis Mills,MillDa02,HOU,26.0,QB,4.0,0.0,3.0,11.0,,1.0,9.0,3.0,2.0,0.7,0.0,,2025-08-04
2024,Nick Mullens,MullNi00,MIN,29.0,QB,4.0,0.0,3.0,-2.0,,0.0,-2.0,-0.7,0.0,0.0,0.0,,2025-08-04
2024,Jalen Nailor,NailJa00,MIN,25.0,WR,17.0,7.0,3.0,-4.0,,1.0,-5.0,-1.7,1.0,0.3,0.0,,2025-08-04
2024,Rome Odunze,OdunRo00,CHI,22.0,WR,17.0,12.0,3.0,15.0,,1.0,6.0,2.0,9.0,3.0,0.0,,2025-08-04
2024,Ricky Pearsall,PearRi00,SF,24.0,WR,11.0,4.0,3.0,45.0,,1.0,44.0,14.7,1.0,0.3,0.0,,2025-08-04
2024,Jalen Reagor,ReagJa00,LAC,25.0,WR,8.0,2.0,3.0,-3.0,,0.0,-4.0,-1.3,1.0,0.3,0.0,,2025-08-04
2024,WanDale Robinson,RobiWa01,NYG,23.0,WR,17.0,7.0,3.0,18.0,,1.0,3.0,1.0,15.0,5.0,0.0,,2025-08-04
2024,Tyrod Taylor,TaylTy00,NYJ,35.0,QB,2.0,0.0,3.0,13.0,,0.0,8.0,2.7,5.0,1.7,1.0,3.0,2025-08-04
2024,Carson Wentz,WentCa00,KC,32.0,QB,3.0,1.0,3.0,0.0,,0.0,-1.0,-0.3,1.0,0.3,0.0,,2025-08-04
2024,Tim Boyle,BoylTi00,2TM,30.0,QB,3.0,0.0,3.0,9.0,,1.0,8.0,2.7,1.0,0.3,0.0,,2025-08-04
2024,Tim Boyle,BoylTi00,MIA,30.0,QB,2.0,0.0,2.0,10.0,,1.0,9.0,4.5,1.0,0.5,0.0,,2025-08-04
2024,Tim Boyle,BoylTi00,NYG,30.0,QB,1.0,0.0,1.0,-1.0,,0.0,-1.0,-1.0,0.0,0.0,0.0,,2025-08-04
2024,Velus Jones,JoneVe00,2TM,27.0,WR,3.0,0.0,3.0,11.0,,1.0,6.0,2.0,5.0,1.7,0.0,,2025-08-04
2024,Velus Jones,JoneVe00,CHI,27.0,WR,1.0,0.0,2.0,11.0,,1.0,6.0,3.0,5.0,2.5,0.0,,2025-08-04
2024,Velus Jones,JoneVe00,CAR,27.0,WR,2.0,0.0,1.0,0.0,,0.0,0.0,0.0,0.0,0.0,0.0,,2025-08-04
2024,Tutu Atwell,AtweTu00,LA,25.0,WR,17.0,5.0,2.0,7.0,,0.0,6.0,3.0,1.0,0.5,0.0,,2025-08-04
2024,Jake Browning,BrowJa08,CIN,28.0,QB,3.0,0.0,2.0,-2.0,,0.0,-2.0,-1.0,0.0,0.0,0.0,,2025-08-04
2024,Treylon Burks,BurkTr00,TEN,24.0,WR,5.0,2.0,2.0,1.0,,0.0,-5.0,-2.5,6.0,3.0,1.0,2.0,2025-08-04
2024,Malachi Corley,CorlMa00,NYJ,22.0,WR,9.0,1.0,2.0,26.0,,1.0,26.0,13.0,0.0,0.0,0.0,,2025-08-04
2024,Troy Franklin,FranTr00,DEN,21.0,WR,16.0,6.0,2.0,8.0,,0.0,6.0,3.0,2.0,1.0,0.0,,2025-08-04
2024,Jimmy Garoppolo,GaroJi00,LA,33.0,QB,1.0,1.0,2.0,5.0,,0.0,5.0,2.5,0.0,0.0,0.0,,2025-08-04
2024,CJ Ham,HamxC.00,MIN,31.0,FB,17.0,3.0,2.0,10.0,,1.0,8.0,4.0,2.0,1.0,0.0,,2025-08-04
2024,Taylor Heinicke,HeinTa00,LAC,31.0,QB,4.0,0.0,2.0,20.0,,1.0,20.0,10.0,0.0,0.0,0.0,,2025-08-04
2024,Diontae Johnson,JohnDi01,CAR,28.0,WR,7.0,7.0,2.0,6.0,,1.0,6.0,3.0,0.0,0.0,0.0,,2025-08-04
2024,Kameron Johnson,JohnKa01,TB,22.0,WR,5.0,0.0,2.0,11.0,,1.0,10.0,5.0,1.0,0.5,0.0,,2025-08-04
2024,Cooper Kupp,KuppCo00,LA,31.0,WR,12.0,11.0,2.0,10.0,,1.0,9.0,4.5,1.0,0.5,0.0,,2025-08-04
2024,Tyreik McAllister,McAlTy00,LV,26.0,WR,3.0,0.0,2.0,11.0,,1.0,9.0,4.5,2.0,1.0,0.0,,2025-08-04
2024,Terry McLaurin,McLaTe00,WAS,29.0,WR,17.0,17.0,2.0,2.0,,0.0,2.0,1.0,0.0,0.0,0.0,,2025-08-04
2024,Jakobi Meyers,MeyeJa01,LV,28.0,WR,15.0,15.0,2.0,23.0,,1.0,10.0,5.0,13.0,6.5,0.0,,2025-08-04
2024,Jonathan Mingo,MingJo00,CAR,23.0,WR,9.0,5.0,2.0,5.0,,0.0,4.0,2.0,1.0,0.5,0.0,,2025-08-04
2024,George Pickens,PickGe00,PIT,23.0,WR,14.0,12.0,2.0,-6.0,,0.0,-8.0,-4.0,2.0,1.0,0.0,,2025-08-04
2024,Kalif Raymond,RaymKa00,DET,30.0,WR,12.0,2.0,2.0,0.0,,1.0,-3.0,-1.5,3.0,1.5,0.0,,2025-08-04
2024,Khalil Shakir,ShakKh00,BUF,24.0,WR,15.0,9.0,2.0,4.0,,0.0,1.0,0.5,3.0,1.5,1.0,2.0,2025-08-04
2024,Darius Slayton,SlayDa01,NYG,27.0,WR,16.0,13.0,2.0,17.0,,1.0,12.0,6.0,5.0,2.5,0.0,,2025-08-04
2024,Ainias Smith,SmitAi00,PHI,23.0,WR,7.0,1.0,2.0,6.0,,1.0,4.0,2.0,2.0,1.0,0.0,,2025-08-04
2024,Jonnu Smith,SmitJo01,MIA,29.0,TE,17.0,6.0,2.0,-1.0,,0.0,-1.0,-0.5,0.0,0.0,0.0,,2025-08-04
2024,Amon-Ra St Brown,StxxAm00,DET,25.0,WR,17.0,17.0,2.0,6.0,,1.0,4.0,2.0,2.0,1.0,0.0,,2025-08-04
2024,Deven Thompkins,ThomDe07,CAR,25.0,WR,7.0,0.0,2.0,7.0,,0.0,5.0,2.5,2.0,1.0,0.0,,2025-08-04
2024,Kadarius Toney,ToneKa00,CLE,25.0,WR,3.0,0.0,2.0,-4.0,,0.0,-7.0,-3.5,3.0,1.5,1.0,2.0,2025-08-04
2024,KeShawn Vaughn,VaugKe00,SF,27.0,RB,3.0,0.0,2.0,4.0,,0.0,2.0,1.0,2.0,1.0,0.0,,2025-08-04
2024,Jordan Whittington,WhitJo04,LA,24.0,WR,15.0,3.0,2.0,12.0,,2.0,9.0,4.5,3.0,1.5,1.0,2.0,2025-08-04
2024,Garrett Wilson,WilsGa00,NYJ,24.0,WR,17.0,17.0,2.0,5.0,,1.0,0.0,0.0,5.0,2.5,1.0,2.0,2025-08-04
2024,Bailey Zappe,ZappBa00,CLE,25.0,QB,1.0,1.0,2.0,2.0,,0.0,2.0,1.0,0.0,0.0,0.0,,2025-08-04
2024,Kevin Austin,AustKe00,NO,24.0,WR,8.0,2.0,1.0,9.0,,0.0,8.0,8.0,1.0,1.0,0.0,,2025-08-04
2024,Jake Bailey,BailJa00,MIA,27.0,P,17.0,0.0,1.0,0.0,,0.0,0.0,0.0,0.0,0.0,0.0,,2025-08-04
2024,Dane Belton,BeltDa00,NYG,24.0,S,17.0,6.0,1.0,10.0,,1.0,10.0,10.0,0.0,0.0,0.0,,2025-08-04
2024,Kendrick Bourne,BourKe00,NE,29.0,WR,12.0,9.0,1.0,6.0,,1.0,3.0,3.0,3.0,3.0,0.0,,2025-08-04
2024,Tyler Boyd,BoydTy00,TEN,30.0,WR,16.0,8.0,1.0,3.0,,1.0,2.0,2.0,1.0,1.0,0.0,,2025-08-04
2024,British Brooks,BrooBr01,HOU,25.0,RB,5.0,0.0,1.0,2.0,,0.0,1.0,1.0,1.0,1.0,0.0,,2025-08-04
2024,Keon Coleman,ColeKe02,BUF,21.0,WR,13.0,12.0,1.0,9.0,,0.0,8.0,8.0,1.0,1.0,0.0,,2025-08-04
2024,Tyler Conklin,ConkTy00,NYJ,29.0,TE,16.0,15.0,1.0,0.0,,0.0,0.0,0.0,0.0,0.0,0.0,,2025-08-04
2024,Jacob Cowing,CowiJa00,SF,23.0,WR,15.0,0.0,1.0,7.0,,0.0,5.0,5.0,2.0,2.0,0.0,,2025-08-04
2024,Ashtyn Davis,DaviAs00,NYJ,28.0,S,15.0,1.0,1.0,21.0,,1.0,0.0,0.0,21.0,21.0,0.0,,2025-08-04
2024,Jahan Dotson,DotsJa00,PHI,24.0,WR,17.0,6.0,1.0,13.0,,1.0,13.0,13.0,0.0,0.0,0.0,,2025-08-04
2024,Josh Downs,DownJo00,IND,23.0,WR,14.0,8.0,1.0,12.0,,0.0,12.0,12.0,0.0,0.0,0.0,,2025-08-04
2024,Xavier Gipson,GipsXa00,NYJ,23.0,WR,17.0,0.0,1.0,5.0,,1.0,0.0,0.0,5.0,5.0,1.0,1.0,2025-08-04
2024,Chris Godwin,GodwCh00,TB,28.0,WR,7.0,7.0,1.0,2.0,,1.0,1.0,1.0,1.0,1.0,0.0,,2025-08-04
2024,Noah Gray,GrayNo00,KC,25.0,TE,17.0,10.0,1.0,-4.0,,0.0,-4.0,-4.0,0.0,0.0,0.0,,2025-08-04
2024,Matthew Hayball,HaybMa00,NO,27.0,P,17.0,0.0,1.0,11.0,,1.0,11.0,11.0,0.0,0.0,0.0,,2025-08-04
2024,Jaden Hicks,HickJa01,KC,22.0,DB,17.0,1.0,1.0,1.0,,0.0,0.0,0.0,1.0,1.0,0.0,,2025-08-04
2024,Sam Howell,HoweSa00,SEA,24.0,QB,2.0,0.0,1.0,2.0,,0.0,0.0,0.0,2.0,2.0,1.0,1.0,2025-08-04
2024,Tanner Hudson,HudsTa00,CIN,30.0,TE,11.0,0.0,1.0,1.0,,1.0,0.0,0.0,1.0,1.0,0.0,,2025-08-04
2024,Jermaine Jackson,JackJe01,NO,24.0,WR,4.0,0.0,1.0,-1.0,,0.0,-1.0,-1.0,0.0,0.0,0.0,,2025-08-04
2024,JhaQuan Jackson,JackJh00,TEN,24.0,WR,12.0,0.0,1.0,-5.0,,0.0,-5.0,-5.0,0.0,0.0,0.0,,2025-08-04
2024,Justin Jefferson,JeffJu00,MIN,25.0,WR,17.0,17.0,1.0,3.0,,0.0,3.0,3.0,0.0,0.0,0.0,,2025-08-04
2024,Marcus Jones,JoneMa06,NE,26.0,CB,14.0,9.0,1.0,5.0,,0.0,5.0,5.0,0.0,0.0,0.0,,2025-08-04
2024,Travis Kelce,KelcTr00,KC,35.0,TE,16.0,16.0,1.0,1.0,,0.0,0.0,0.0,1.0,1.0,0.0,,2025-08-04
2024,Joshua Kelley,KellJo01,TEN,27.0,RB,3.0,0.0,1.0,2.0,,0.0,2.0,2.0,0.0,0.0,0.0,,2025-08-04
2024,Charlie Kolar,KolaCh00,BAL,25.0,TE,13.0,3.0,1.0,2.0,,1.0,2.0,2.0,0.0,0.0,0.0,,2025-08-04
2024,Dylan Laube,LaubDy00,LV,25.0,RB,10.0,0.0,1.0,0.0,,0.0,0.0,0.0,0.0,0.0,0.0,,2025-08-04
2024,Drake London,LondDr00,ATL,23.0,WR,17.0,17.0,1.0,-3.0,,0.0,-3.0,-3.0,0.0,0.0,0.0,,2025-08-04
2024,Julian Love,LoveJu00,SEA,26.0,FS,17.0,17.0,1.0,2.0,,1.0,0.0,0.0,2.0,2.0,0.0,,2025-08-04
2024,Trey McBride,McBrTr01,ARI,25.0,TE,16.0,16.0,1.0,2.0,,1.0,0.0,0.0,2.0,2.0,0.0,,2025-08-04
2024,David Moore,MoorDa03,CAR,29.0,WR,17.0,5.0,1.0,0.0,,0.0,0.0,0.0,0.0,0.0,0.0,,2025-08-04
2024,Elijah Moore,MoorEl00,CLE,24.0,WR,17.0,13.0,1.0,1.0,,0.0,1.0,1.0,0.0,0.0,0.0,,2025-08-04
2024,Chigoziem Okonkwo,OkonCh00,TEN,25.0,TE,17.0,11.0,1.0,17.0,,1.0,14.0,14.0,3.0,3.0,0.0,,2025-08-04
2024,Chris Oladokun,OladCh00,KC,27.0,QB,1.0,0.0,1.0,5.0,,0.0,5.0,5.0,0.0,0.0,0.0,,2025-08-04
2024,Chris Olave,OlavCh00,NO,24.0,WR,8.0,8.0,1.0,7.0,,1.0,7.0,7.0,0.0,0.0,0.0,,2025-08-04
2024,Cade Otton,OttoCa00,TB,25.0,TE,14.0,14.0,1.0,-4.0,,0.0,-4.0,-4.0,0.0,0.0,1.0,1.0,2025-08-04
2024,Dell Pettus,PettDe00,NE,23.0,S,17.0,1.0,1.0,2.0,,1.0,2.0,2.0,0.0,0.0,0.0,,2025-08-04
2024,JaLynn Polk,PolkJa00,NE,22.0,WR,15.0,7.0,1.0,0.0,,0.0,0.0,0.0,0.0,0.0,0.0,,2025-08-04
2024,Jalen Reeves-Maybin,ReevJa00,DET,29.0,LB,10.0,0.0,1.0,1.0,,0.0,1.0,1.0,0.0,0.0,0.0,,2025-08-04
2024,Rashee Rice,RiceRa01,KC,24.0,WR,4.0,4.0,1.0,1.0,,1.0,0.0,0.0,1.0,1.0,0.0,,2025-08-04
2024,Drew Sample,SampDr00,CIN,28.0,TE,17.0,15.0,1.0,-4.0,,0.0,-4.0,-4.0,0.0,0.0,0.0,,2025-08-04
2024,Cody Schrader,SchrCo00,LA,25.0,RB,1.0,0.0,1.0,3.0,,0.0,3.0,3.0,0.0,0.0,0.0,,2025-08-04
2024,JK Scott,ScotJK00,LAC,29.0,P,17.0,0.0,1.0,0.0,,0.0,0.0,0.0,0.0,0.0,0.0,,2025-08-04
2024,Laviska Shenault,ShenLa00,SEA,26.0,WR,11.0,1.0,1.0,1.0,,0.0,0.0,0.0,1.0,1.0,0.0,,2025-08-04
2024,Steven Sims,SimsSt00,HOU,27.0,WR,7.0,0.0,1.0,0.0,,0.0,0.0,0.0,0.0,0.0,0.0,,2025-08-04
2024,DeVonta Smith,SmitDe07,PHI,26.0,WR,13.0,13.0,1.0,1.0,,0.0,0.0,0.0,1.0,1.0,0.0,,2025-08-04
2024,Tavierre Thomas,ThomTa01,TB,28.0,CB,17.0,0.0,1.0,-2.0,,0.0,-2.0,-2.0,0.0,0.0,0.0,,2025-08-04
2024,Skylar Thompson,ThomSk00,MIA,27.0,QB,3.0,1.0,1.0,4.0,,0.0,4.0,4.0,0.0,0.0,0.0,,2025-08-04
2024,Cedric Tillman,TillCe01,CLE,24.0,WR,11.0,6.0,1.0,-5.0,,0.0,-5.0,-5.0,0.0,0.0,0.0,,2025-08-04
2024,Marquez Valdes-Scantling,ValdMa00,NO,30.0,WR,8.0,8.0,1.0,4.0,,0.0,4.0,4.0,0.0,0.0,0.0,,2025-08-04
2024,Michael Wilson,WilsMi02,ARI,24.0,WR,16.0,13.0,1.0,7.0,,0.0,4.0,4.0,3.0,3.0,0.0,,2025-08-04
2024,Olamide Zaccheaus,ZaccOl01,WAS,27.0,WR,17.0,6.0,1.0,8.0,,1.0,4.0,4.0,4.0,4.0,0.0,,2025-08-04
